run_id,train_no,station_code,timestamp,speed_kmh,distance_to_station_km,distance_to_destination_km,current_delay_minutes,historical_average_delay_minutes,scheduled_arrival_minutes,time_of_day,day_of_week,delay_type,actual_delay_at_station_minutes
509,3686,DER,2026-10-12T15:00:00.000Z,50.0,0.0518849623539903,943.1368016494476,0.0,0.0,0.0,15,6,WEATHER,18.32
509,3686,BRKY,2026-10-12T15:06:04.000Z,45.0,2.7648392139994877,941.642472281196,18.32,18.32,6.1,15,6,SPEED,22.02
509,3686,CHL,2026-10-12T15:12:43.000Z,45.0,3.9888623444938793,915.723674868064,22.02,20.17,12.7,15,6,SPEED,28.31
509,3686,KRJ,2026-10-12T15:16:35.000Z,80.0,0.8459913027895397,897.9052646913696,28.31,22.88,16.6,15,6,NONE,26.39
509,3686,KAMP,2026-10-12T15:20:26.000Z,80.0,0.177530715403972,893.893665364653,26.39,23.76,20.4,15,6,NONE,23.5
509,3686,SNS,2026-10-12T15:30:23.000Z,50.0,7.1247120008976585,839.6947566961776,23.5,23.71,30.4,15,6,WEATHER,34.78
509,3686,TDL,2026-10-12T15:33:07.000Z,50.0,0.5787571144222963,776.7782931488003,34.78,25.55,33.1,15,6,WEATHER,49.0
509,3686,SKB,2026-10-12T15:45:46.000Z,50.0,9.622838847453504,749.3738649543284,49.0,28.9,45.8,15,6,WEATHER,54.69
509,3686,GHSR,2026-10-12T15:50:25.000Z,80.0,0.1080700993028935,649.9963200416519,54.69,32.13,50.4,15,6,NONE,45.94
509,3686,PATA,2026-10-12T16:03:10.000Z,45.0,7.893463445732045,644.4428578401167,45.94,33.66,63.2,16,6,SPEED,42.55
509,3686,MTO,2026-10-12T16:08:23.000Z,50.0,3.4458214338218647,581.0069284921238,42.55,34.55,68.4,16,6,WEATHER,51.97
509,3686,PNK,2026-10-12T16:10:50.000Z,50.0,0.018053406038204,556.4622378287263,51.97,36.13,70.8,16,6,WEATHER,64.53
509,3686,CHK,2026-10-12T16:21:20.000Z,45.0,6.511265138269962,541.5354993791175,64.53,38.5,81.3,16,6,SPEED,60.76
509,3686,AUNG,2026-10-12T16:24:03.000Z,80.0,0.7422711294267955,507.5177151998964,60.76,40.21,84.1,16,6,NONE,46.77
509,3686,BKO,2026-10-12T16:28:29.000Z,50.0,3.1596329453918544,503.527817203419,46.77,40.68,88.5,16,6,WEATHER,57.26
509,3686,FYZ,2026-10-12T16:30:53.000Z,80.0,1.0817506513234425,459.52022069317735,57.26,41.79,90.9,16,6,NONE,46.35
509,3686,SNIE,2026-10-12T16:34:35.000Z,50.0,0.6593636880409106,442.32783762080896,46.35,42.07,94.6,16,6,WEATHER,58.82
509,3686,BDNP,2026-10-12T16:40:33.000Z,45.0,4.067031531602171,399.1031209245858,58.82,43.06,100.6,16,6,SPEED,59.29
509,3686,SFG,2026-10-12T16:47:21.000Z,45.0,4.172676968332934,360.3576014955922,59.29,43.96,107.4,16,6,SPEED,62.08
509,3686,COI,2026-10-12T16:51:00.000Z,80.0,0.173705957754884,344.12555788526635,62.08,44.91,111.0,16,6,NONE,60.67
509,3686,GAE,2026-10-12T16:54:07.000Z,50.0,0.9438481737886448,284.3571223010236,60.67,45.7,114.1,16,6,WEATHER,70.47
509,3686,BEO,2026-10-12T17:03:24.000Z,45.0,6.00242027187403,282.85522916191337,70.47,46.88,123.4,17,6,SPEED,66.59
509,3686,PRE,2026-10-12T17:07:27.000Z,50.0,0.1673082704416137,248.4424683484208,66.59,47.78,127.5,17,6,WEATHER,71.19
509,3686,CAR,2026-10-12T17:09:54.000Z,50.0,0.5506667084917654,233.36927108073644,71.19,48.79,129.9,17,6,WEATHER,75.08
509,3686,DGO,2026-10-12T17:12:19.000Z,80.0,0.914361430636803,159.0915734688961,75.08,49.89,132.3,17,6,NONE,73.12
509,3686,KVD,2026-10-12T17:16:12.000Z,80.0,0.7681467658591618,121.38030411146104,73.12,50.82,136.2,17,6,NONE,60.96
509,3686,SSG,2026-10-12T17:18:53.000Z,50.0,0.745167137388836,116.01209274364496,60.96,51.21,138.9,17,6,WEATHER,66.57
509,3686,KMGE,2026-10-12T17:29:20.000Z,45.0,5.703896148306723,115.26654734186496,66.57,51.78,149.3,17,6,SPEED,57.48
509,3686,DOS,2026-10-12T17:32:40.000Z,80.0,0.4620221642052695,84.68104186930415,57.48,51.98,152.7,17,6,NONE,52.71
504,2423,DKM,2026-10-24T21:00:00.000Z,50.0,6.844396020009351,532.6624800795827,0.0,0.0,0.0,21,6,WEATHER,21.32
504,2423,BTZ,2026-10-24T21:02:16.000Z,50.0,1.725886995454904,468.4868699737168,21.32,21.32,2.3,21,6,WEATHER,42.24
504,2423,NAM,2026-10-24T21:06:41.000Z,80.0,0.1883489087751699,462.0234546647604,42.24,31.78,6.7,21,6,NONE,36.89
504,2423,LXA,2026-10-24T21:17:07.000Z,50.0,6.258848739913964,416.40448626675095,36.89,33.48,17.1,21,6,WEATHER,47.16
504,2423,SLGR,2026-10-24T21:24:43.000Z,45.0,5.225661540348063,402.2990486736495,47.16,36.9,24.7,21,6,SPEED,44.82
504,2423,NZR,2026-10-24T21:28:09.000Z,50.0,0.5187614382494872,394.5134693060047,44.82,38.49,28.2,21,6,WEATHER,47.36
504,2423,BHGN,2026-10-24T21:31:33.000Z,80.0,0.7505116508234922,291.55691134525307,47.36,39.97,31.6,21,6,NONE,45.52
504,2423,BXP,2026-10-24T21:38:57.000Z,50.0,6.013256848775741,287.55967767448345,45.52,40.76,39.0,21,6,WEATHER,56.35
504,2423,BXJ,2026-10-24T21:41:18.000Z,50.0,0.636540232810319,250.9180076130301,56.35,42.71,41.3,21,6,WEATHER,68.16
504,2423,RXR,2026-10-24T21:46:03.000Z,80.0,0.2071734426897016,230.8885371434064,68.16,45.54,46.1,21,6,NONE,67.31
504,2423,LMG,2026-10-24T21:48:48.000Z,50.0,0.0609444673902615,172.25858487169137,67.31,47.71,48.8,21,6,WEATHER,81.76
504,2423,HWX,2026-10-24T22:02:44.000Z,45.0,9.126928150414429,156.96170654011345,81.76,50.81,62.7,22,6,SPEED,77.45
504,2423,HJI,2026-10-24T22:09:41.000Z,45.0,3.097568571687394,131.04005018023537,77.45,53.03,69.7,22,6,SPEED,73.29
504,2423,JGJN,2026-10-24T22:12:16.000Z,80.0,0.4271847966822575,123.89038715088644,73.29,54.59,72.3,22,6,NONE,59.48
504,2423,TTLA,2026-10-24T22:25:06.000Z,45.0,7.473081764333242,40.72752752867992,59.48,54.94,85.1,22,6,SPEED,60.61
504,2423,PNB,2026-10-24T22:33:56.000Z,45.0,6.370028027570121,28.139822321914608,60.61,55.31,93.9,22,6,SPEED,53.09
586,8113,MMV,2026-09-19T19:00:00.000Z,80.0,0.2536613280540375,422.6609418487755,0.0,0.0,0.0,19,3,NONE,1.88
586,8113,DRWN,2026-09-19T19:03:49.000Z,50.0,1.2217902633682776,354.71184905414856,1.88,1.88,3.8,19,3,WEATHER,18.92
586,8113,JRA,2026-09-19T19:10:24.000Z,50.0,3.480988919448155,329.298133168802,18.92,10.4,10.4,19,3,WEATHER,35.09
586,8113,BNDM,2026-09-19T19:12:54.000Z,50.0,0.7767264980344087,304.9400289449217,35.09,18.63,12.9,19,3,WEATHER,42.68
586,8113,GP,2026-09-19T19:26:36.000Z,50.0,9.06452665036042,277.2061598617903,42.68,24.64,26.6,19,3,WEATHER,50.79
586,8113,BMB,2026-09-19T19:32:00.000Z,50.0,4.249451261883187,238.46140135504763,50.79,29.87,32.0,19,3,WEATHER,58.15
586,8113,BEH,2026-09-19T19:40:47.000Z,45.0,5.73471074529076,224.3676280572409,58.15,34.58,40.8,19,3,SPEED,57.07
586,8113,DTV,2026-09-19T19:47:05.000Z,45.0,4.543429859818806,211.54101533537835,57.07,37.8,47.1,19,3,SPEED,60.91
586,8113,BRJN,2026-09-19T19:51:23.000Z,50.0,0.1172363170003388,187.11705647663507,60.91,40.69,51.4,19,3,WEATHER,68.92
586,8113,BPH,2026-09-19T20:02:32.000Z,45.0,6.329723088540616,185.6151662262922,68.92,43.82,62.5,20,3,SPEED,68.36
586,8113,KRL,2026-09-19T20:12:48.000Z,45.0,7.274413043796684,146.8766526696222,68.36,46.28,72.8,20,3,SPEED,62.76
586,8113,ROB,2026-09-19T20:17:55.000Z,50.0,4.030715233862334,109.62313095197268,62.76,47.77,77.9,20,3,WEATHER,73.21
586,8113,JDI,2026-09-19T20:24:52.000Z,50.0,4.861347548340906,96.7862954707422,73.21,49.89,84.9,20,3,WEATHER,86.48
586,8113,JDDA,2026-09-19T20:27:40.000Z,80.0,0.368480477413426,74.10702511137657,86.48,52.71,87.7,20,3,NONE,68.97
593,8568,PB,2026-09-08T13:00:00.000Z,50.0,3.915840500210624,1354.443237117962,0.0,0.0,0.0,13,0,WEATHER,19.98
593,8568,KNGN,2026-09-08T13:03:11.000Z,50.0,0.4673979476796679,1342.877864114848,19.98,19.98,3.2,13,0,WEATHER,34.93
593,8568,ANK,2026-09-08T13:07:32.000Z,50.0,1.827561304702819,1302.3578198329308,34.93,27.45,7.5,13,0,WEATHER,48.16
593,8568,AWB,2026-09-08T13:16:42.000Z,50.0,5.533637840575967,1186.1107618045182,48.16,34.36,16.7,13,0,WEATHER,55.51
593,8568,PIZ,2026-09-08T13:29:46.000Z,45.0,8.933817425853686,1004.1910619248578,55.51,39.64,29.8,13,0,SPEED,59.45
593,8568,NED,2026-09-08T13:39:48.000Z,45.0,5.814823324075807,952.8502883158554,59.45,43.6,39.8,13,0,SPEED,55.78
593,8568,MGC,2026-09-08T13:44:34.000Z,80.0,0.0507195044123969,934.2775962933218,55.78,45.63,44.6,13,0,NONE,53.88
593,8568,MUE,2026-09-08T13:48:49.000Z,50.0,3.1084144712939694,928.1832192788852,53.88,46.81,48.8,13,0,WEATHER,67.51
593,8568,FKB,2026-09-08T13:53:34.000Z,50.0,0.8873468184023083,863.5338162556285,67.51,49.4,53.6,13,0,WEATHER,71.02
593,8568,NVT,2026-09-08T14:02:33.000Z,45.0,6.663195758750389,862.0356819049147,71.02,51.8,62.6,14,0,SPEED,70.22
593,8568,IDL,2026-09-08T14:08:35.000Z,50.0,4.895732245329325,824.7839233357441,70.22,53.64,68.6,14,0,WEATHER,85.75
593,8568,UPW,2026-09-08T14:19:12.000Z,50.0,7.856191382275472,811.9556841835657,85.75,56.56,79.2,14,0,WEATHER,82.59
593,8568,TMD,2026-09-08T14:23:12.000Z,50.0,3.0276265257228405,786.0386378179174,82.59,58.73,83.2,14,0,WEATHER,91.89
593,8568,SHAN,2026-09-08T14:29:50.000Z,50.0,3.852238771967352,747.288281586333,91.89,61.28,89.8,14,0,WEATHER,90.77
593,8568,PAPM,2026-09-08T14:37:22.000Z,50.0,4.704324006009126,734.4577787075344,90.77,63.39,97.4,14,0,WEATHER,89.72
593,8568,DBV,2026-09-08T14:43:12.000Z,50.0,4.409034404287869,721.1232961121806,89.72,65.14,103.2,14,0,WEATHER,89.83
593,8568,MED,2026-09-08T14:45:53.000Z,80.0,0.4370807459170637,713.2456913671239,89.83,66.69,105.9,14,0,NONE,78.75
593,8568,AMQ,2026-09-08T14:49:23.000Z,45.0,0.3538769666385115,694.2139897825133,78.75,67.4,109.4,14,0,SPEED,72.05
593,8568,DYE,2026-09-08T14:51:35.000Z,80.0,0.107816683704817,690.4356204119234,72.05,67.65,111.6,14,0,NONE,57.05
593,8568,MJF,2026-09-08T14:55:52.000Z,80.0,0.5530024289214572,689.9879934080881,57.05,67.1,115.9,14,0,NONE,47.32
593,8568,MLMG,2026-09-08T15:00:25.000Z,50.0,0.4593603722445931,451.6320474811711,47.32,66.11,120.4,15,0,WEATHER,57.77
593,8568,BKL,2026-09-08T15:04:41.000Z,80.0,1.1231798248711111,415.88021141009546,57.77,65.71,124.7,15,0,NONE,49.45
593,8568,MDR,2026-09-08T15:07:40.000Z,50.0,0.4920221867092805,398.55580438129806,49.45,64.97,127.7,15,0,WEATHER,62.69
593,8568,TNGM,2026-09-08T15:12:34.000Z,50.0,0.8099285655221427,389.8329632549769,62.69,64.87,132.6,15,0,WEATHER,62.18
593,8568,GNN,2026-09-08T15:16:40.000Z,80.0,0.7085071409301376,377.6318885852127,62.18,64.76,136.7,15,0,NONE,55.54
593,8568,RYP,2026-09-08T15:24:52.000Z,45.0,5.210894041916194,358.2902805588324,55.54,64.39,144.9,15,0,SPEED,52.75
593,8568,TOU,2026-09-08T15:33:51.000Z,45.0,6.2625172872384685,319.5320829157618,52.75,63.94,153.9,15,0,SPEED,47.36
593,8568,CEL,2026-09-08T15:38:23.000Z,45.0,3.3690889273175637,255.36015237610445,47.36,63.33,158.4,15,0,SPEED,47.65
593,8568,GVN,2026-09-08T15:45:21.000Z,45.0,4.048576664132408,203.27086100801705,47.65,62.77,165.4,15,0,SPEED,49.57
593,8568,RJY,2026-09-08T15:50:09.000Z,80.0,0.9855693138236792,197.24338446623028,49.57,62.31,170.2,15,0,NONE,42.24
593,8568,APT,2026-09-08T15:53:48.000Z,80.0,1.1030570435770732,174.72992618067065,42.24,61.64,173.8,15,0,NONE,39.54
593,8568,MPU,2026-09-08T15:56:23.000Z,50.0,0.5771480284881113,156.8433036470894,39.54,60.93,176.4,15,0,WEATHER,46.74
593,8568,SLO,2026-09-08T16:04:18.000Z,45.0,4.348764608634808,151.6895682904833,46.74,60.49,184.3,16,0,SPEED,46.1
593,8568,YLM,2026-09-08T16:16:07.000Z,50.0,7.802735193180405,62.36476703199538,46.1,60.05,196.1,16,0,WEATHER,53.54
593,8568,AKP,2026-09-08T16:23:19.000Z,45.0,4.505488212170379,35.44370136420497,53.54,59.86,203.3,16,0,SPEED,51.26
547,6501,DBS,2026-09-04T12:00:00.000Z,80.0,0.0602626198481705,1612.0586367179503,0.0,0.0,0.0,12,6,NONE,1.37
547,6501,HEI,2026-09-04T12:08:18.000Z,45.0,4.629796828661728,1591.100931331499,1.37,1.37,8.3,12,6,SPEED,8.96
547,6501,MLSA,2026-09-04T12:12:18.000Z,80.0,1.0375385107136057,1583.843383658016,8.96,5.17,12.3,12,6,NONE,8.05
547,6501,GBB,2026-09-04T12:18:35.000Z,50.0,4.782824324254342,1579.2508377048778,8.05,6.13,18.6,12,6,WEATHER,20.51
547,6501,ARGP,2026-09-04T12:22:13.000Z,50.0,2.1413671556361678,1540.4946431601377,20.51,9.72,22.2,12,6,WEATHER,30.85
547,6501,RDI,2026-09-04T12:26:53.000Z,80.0,0.4718564718690266,1534.0379962024772,30.85,13.95,26.9,12,6,NONE,24.62
547,6501,VNR,2026-09-04T12:30:22.000Z,50.0,1.0916068456721253,1476.3432335542382,24.62,15.73,30.4,12,6,WEATHER,40.56
547,6501,RRB,2026-09-04T12:33:51.000Z,80.0,0.936545888307164,1454.807578276418,40.56,19.27,33.9,12,6,NONE,32.07
547,6501,JRU,2026-09-04T12:48:35.000Z,45.0,9.187972993103465,1397.3486973255754,32.07,20.87,48.6,12,6,SPEED,34.52
547,6501,HNH,2026-09-04T12:53:35.000Z,50.0,2.8061758626857705,1360.101862256544,34.52,22.39,53.6,12,6,WEATHER,44.26
547,6501,THN,2026-09-04T12:55:45.000Z,80.0,0.8949632089272227,1352.3918005668784,44.26,24.58,55.8,12,6,NONE,38.44
547,6501,HRR,2026-09-04T13:01:24.000Z,50.0,4.541896087110779,1334.184475962662,38.44,25.84,61.4,13,6,WEATHER,49.7
547,6501,RNR,2026-09-04T13:05:18.000Z,50.0,1.0392053798214582,1308.0162264546816,49.7,27.83,65.3,13,6,WEATHER,55.97
547,6501,GDI,2026-09-04T13:12:38.000Z,45.0,5.03503090476723,1242.3317709708265,55.97,29.99,72.6,13,6,SPEED,58.7
547,6501,GDG,2026-09-04T13:18:34.000Z,50.0,4.784178678082182,1153.0096403776877,58.7,32.04,78.6,13,6,WEATHER,70.39
547,6501,JRKT,2026-09-04T13:20:59.000Z,80.0,1.2916720810003084,1041.8395960351777,70.39,34.6,81.0,13,6,NONE,60.98
547,6501,WDL,2026-09-04T13:28:13.000Z,45.0,3.3541645680140437,1022.66043669804,60.98,36.25,88.2,13,6,SPEED,57.8
547,6501,KDGI,2026-09-04T13:35:07.000Z,45.0,4.399606979597659,1009.831310210636,57.8,37.51,95.1,13,6,SPEED,60.54
547,6501,BJP,2026-09-04T13:40:52.000Z,50.0,3.6809035761708575,972.5876533469047,60.54,38.79,100.9,13,6,WEATHER,65.92
547,6501,CHRG,2026-09-04T13:48:43.000Z,45.0,5.247173125498237,932.33161122057,65.92,40.22,108.7,13,6,SPEED,65.07
547,6501,LHN,2026-09-04T14:01:46.000Z,45.0,8.720437300502272,919.7538249580058,65.07,41.46,121.8,14,6,SPEED,63.42
547,6501,SUR,2026-09-04T14:11:03.000Z,50.0,5.766776621800581,869.183897981057,63.42,42.51,131.1,14,6,WEATHER,69.09
547,6501,MA,2026-09-04T14:15:30.000Z,50.0,0.4255687342550593,805.0942236765934,69.09,43.72,135.5,14,6,WEATHER,76.23
547,6501,KWV,2026-09-04T14:18:31.000Z,50.0,2.3911763805297848,791.6580503551752,76.23,45.13,138.5,14,6,WEATHER,87.37
547,6501,MLM,2026-09-04T14:31:45.000Z,45.0,7.776182999559354,712.6564431751895,87.37,46.89,151.8,14,6,SPEED,88.62
547,6501,KDTN,2026-09-04T14:40:04.000Z,45.0,4.37170094161923,673.9048987213533,88.62,48.56,160.1,14,6,SPEED,80.76
547,6501,MJBK,2026-09-04T14:44:52.000Z,50.0,2.3006729224473723,623.8067551700727,80.76,49.8,164.9,14,6,WEATHER,87.16
547,6501,CCH,2026-09-04T14:48:36.000Z,45.0,1.648528543940774,596.3814853526947,87.16,51.18,168.6,14,6,SPEED,83.96
547,6501,AKRD,2026-09-04T14:53:10.000Z,80.0,0.645103953385279,592.3396746697167,83.96,52.35,173.2,14,6,NONE,79.34
547,6501,GRWD,2026-09-04T14:55:34.000Z,80.0,0.0046947531777981,580.8964627194678,79.34,53.28,175.6,14,6,NONE,69.73
547,6501,KMST,2026-09-04T15:00:21.000Z,80.0,0.2993682803853809,564.8947026005557,69.73,53.83,180.4,15,6,NONE,57.35
547,6501,SHLU,2026-09-04T15:04:54.000Z,50.0,0.7720219069659883,510.76577231253685,57.35,53.95,184.9,15,6,WEATHER,70.41
547,6501,ULNR,2026-09-04T15:07:20.000Z,80.0,0.4027934844903049,486.2755705226785,70.41,54.46,187.3,15,6,NONE,64.36
547,6501,KOPR,2026-09-04T15:10:08.000Z,80.0,0.8710597521864563,476.5400385037876,64.36,54.76,190.1,15,6,NONE,53.76
547,6501,KHBV,2026-09-04T15:18:40.000Z,45.0,6.10365563467283,467.3027959055018,53.76,54.73,198.7,15,6,SPEED,58.8
547,6501,NSP,2026-09-04T15:24:09.000Z,45.0,2.879240363443711,441.3877299202249,58.8,54.85,204.2,15,6,SPEED,54.71
547,6501,VGN,2026-09-04T15:34:56.000Z,50.0,7.46759943697503,391.31132327503207,54.71,54.84,214.9,15,6,WEATHER,56.48
547,6501,SJN,2026-09-04T15:41:57.000Z,45.0,4.599472273111952,351.0695904095465,56.48,54.89,222.0,15,6,SPEED,58.33
547,6501,ATUL,2026-09-04T15:46:07.000Z,80.0,0.2100416036475919,304.73853119436865,58.33,54.98,226.1,15,6,NONE,55.44
547,6501,JRS,2026-09-04T15:54:21.000Z,50.0,4.447876318858692,287.8973565254902,55.44,54.99,234.4,15,6,WEATHER,68.2
547,6501,BIM,2026-09-04T15:57:45.000Z,80.0,1.294004532630979,280.98182095538425,68.2,55.32,237.8,15,6,NONE,61.09
547,6501,AML,2026-09-04T16:00:40.000Z,50.0,0.9241705257537792,275.0633977878392,61.09,55.46,240.7,16,6,WEATHER,67.69
547,6501,ACL,2026-09-04T16:05:20.000Z,45.0,3.3531627889526505,273.5611519173054,67.69,55.75,245.3,16,6,SPEED,60.36
547,6501,GTX,2026-09-04T16:11:47.000Z,45.0,4.227723315279537,222.2414447699992,60.36,55.86,251.8,16,6,SPEED,59.7
547,6501,HAT,2026-09-04T16:19:41.000Z,50.0,4.365601327629442,197.56382285223535,59.7,55.95,259.7,16,6,WEATHER,60.1
547,6501,PAO,2026-09-04T16:24:17.000Z,80.0,1.2295147639618458,190.52616913770336,60.1,56.04,264.3,16,6,NONE,54.35
547,6501,BH,2026-09-04T16:27:27.000Z,50.0,1.720710327462982,171.65398958746962,54.35,56.0,267.5,16,6,WEATHER,54.69
547,6501,CVJ,2026-09-04T16:30:51.000Z,80.0,1.1408240551264095,165.76657773965871,54.69,55.97,270.9,16,6,NONE,49.05
547,6501,VRE,2026-09-04T16:38:03.000Z,45.0,5.054379380006172,157.32101782919636,49.05,55.83,278.1,16,6,SPEED,51.93
547,6501,LKD,2026-09-04T16:50:55.000Z,45.0,8.187504270768438,144.73940410589395,51.93,55.75,290.9,16,6,SPEED,51.8
547,6501,MYG,2026-09-04T16:57:14.000Z,50.0,3.263458206741096,132.9030883158097,51.8,55.67,297.2,16,6,WEATHER,59.76
547,6501,ITA,2026-09-04T17:00:14.000Z,50.0,2.0850211743344684,120.0777725025416,59.76,55.75,300.2,17,6,WEATHER,70.98
547,6501,VRM,2026-09-04T17:03:03.000Z,80.0,0.7217467800034558,114.67898211823696,70.98,56.04,303.1,17,6,NONE,61.28
547,6501,NDR,2026-09-04T17:06:44.000Z,80.0,0.2379638085230875,85.1267793095571,61.28,56.14,306.7,17,6,NONE,51.76
547,6501,MHD,2026-09-04T17:09:02.000Z,50.0,1.2258410464139755,29.24232362985594,51.76,56.06,309.0,17,6,WEATHER,61.34
547,6501,NEP,2026-09-04T17:12:26.000Z,80.0,0.7075465501196992,24.57077344460905,61.34,56.16,312.4,17,6,NONE,58.76
547,6501,GER,2026-09-04T17:16:25.000Z,45.0,1.888894589327993,15.154874711780616,58.76,56.2,316.4,17,6,SPEED,62.31
512,4053,MUZ,2026-09-22T21:00:00.000Z,45.0,6.933953697449693,593.3747797742618,0.0,0.0,0.0,21,2,SPEED,11.53
512,4053,MTC,2026-09-22T21:07:52.000Z,45.0,5.8788799116920245,580.7951061020372,11.53,11.53,7.9,21,2,SPEED,18.5
512,4053,RNA,2026-09-22T21:11:24.000Z,80.0,0.7188037214784219,507.9646438301317,18.5,15.01,11.4,21,2,NONE,19.82
512,4053,TPZ,2026-09-22T21:23:43.000Z,45.0,9.123732068109003,477.100661905373,19.82,16.62,23.7,21,2,SPEED,26.58
512,4053,JUD,2026-09-22T21:27:28.000Z,80.0,1.1674547061979486,432.697506409612,26.58,19.11,27.5,21,2,NONE,27.63
512,4053,KES,2026-09-22T21:37:38.000Z,45.0,5.918252473716324,399.6232546398572,27.63,20.81,37.6,21,2,SPEED,35.73
512,4053,SBJ,2026-09-22T21:47:10.000Z,50.0,5.730395927489175,349.0494123242887,35.73,23.3,47.2,21,2,WEATHER,51.97
512,4053,SIR,2026-09-22T21:57:37.000Z,45.0,7.519844822509617,334.9650097749226,51.97,27.39,57.6,21,2,SPEED,61.35
512,4053,GVG,2026-09-22T22:06:45.000Z,50.0,5.836186827704029,323.6271484983454,61.35,31.64,66.8,22,2,WEATHER,71.62
512,4053,SCPD,2026-09-22T22:09:08.000Z,80.0,0.4386748771929348,198.7303029101659,71.62,36.08,69.1,22,2,NONE,68.41
512,4053,TDO,2026-09-22T22:17:57.000Z,45.0,5.8619347390863625,167.11424992336245,68.41,39.31,78.0,22,2,SPEED,67.74
512,4053,KZX,2026-09-22T22:20:09.000Z,50.0,0.5027641346224212,155.29174700150875,67.74,41.9,80.2,22,2,WEATHER,71.82
512,4053,GSB,2026-09-22T22:29:26.000Z,45.0,5.432698244486116,154.5368743520154,71.82,44.39,89.4,22,2,SPEED,72.4
512,4053,MRTL,2026-09-22T22:33:47.000Z,80.0,0.656322806451976,111.76918295352658,72.4,46.55,93.8,22,2,NONE,67.17
512,4053,GILA,2026-09-22T22:37:08.000Z,50.0,0.0372197118477992,105.7017708315219,67.17,48.02,97.1,22,2,WEATHER,65.25
512,4053,SJNP,2026-09-22T22:43:43.000Z,45.0,4.024252843129513,89.60995796276005,65.25,49.17,103.7,22,2,SPEED,63.44
512,4053,CKDL,2026-09-22T22:47:52.000Z,50.0,3.09651277738789,52.36896961974,63.44,50.06,107.9,22,2,WEATHER,69.06
512,4053,SMBX,2026-09-22T22:59:48.000Z,50.0,7.943109250750438,39.04107988199464,69.06,51.18,119.8,22,2,WEATHER,75.08
581,8043,SRC,2026-10-12T18:00:00.000Z,80.0,0.6133143754753233,1612.1442455846486,0.0,0.0,0.0,18,3,NONE,2.68
581,8043,ABB,2026-10-12T18:04:16.000Z,80.0,0.8137932159874209,1602.3791251358912,2.68,2.68,4.3,18,3,NONE,5.41
581,8043,CGA,2026-10-12T18:07:28.000Z,50.0,0.6849091253209362,1592.955359016144,5.41,4.04,7.5,18,3,WEATHER,19.54
581,8043,ULB,2026-10-12T18:11:15.000Z,80.0,0.458666082705007,1587.7536078086414,19.54,9.21,11.3,18,3,NONE,21.24
581,8043,GGTA,2026-10-12T18:16:09.000Z,80.0,0.995604418759912,1572.8245821252704,21.24,12.22,16.2,18,3,NONE,22.31
581,8043,MCA,2026-10-12T18:23:23.000Z,45.0,3.1951742403207004,1564.6668626923438,22.31,14.24,23.4,18,3,SPEED,29.88
581,8043,NDGJ,2026-10-12T18:25:31.000Z,80.0,0.5396905712817569,1559.0809119873766,29.88,16.84,25.5,18,3,NONE,27.33
581,8043,PKU,2026-10-12T18:30:19.000Z,45.0,2.8417568023474185,1552.0827019940475,27.33,18.34,30.3,18,3,SPEED,29.94
581,8043,RDU,2026-10-12T18:35:15.000Z,45.0,3.5308811734066485,1538.739132667181,29.94,19.79,35.3,18,3,SPEED,34.51
581,8043,JPR,2026-10-12T18:40:22.000Z,50.0,1.9461365423194743,1514.075017285386,34.51,21.43,40.4,18,3,WEATHER,52.21
581,8043,KKQ,2026-10-12T18:43:06.000Z,80.0,0.606536024592699,1497.212333132522,52.21,24.51,43.1,18,3,NONE,46.93
581,8043,JGM,2026-10-12T18:53:09.000Z,45.0,7.32322595580214,1474.5738775651794,46.93,26.54,53.2,18,3,SPEED,53.44
581,8043,ASB,2026-10-12T18:55:31.000Z,50.0,0.1525753186834155,1386.387450515084,53.44,28.78,55.5,18,3,WEATHER,54.33
581,8043,SINI,2026-10-12T18:58:32.000Z,50.0,0.0099987285849766,1346.5157728830382,54.33,30.75,58.5,18,3,WEATHER,65.91
581,8043,BBM,2026-10-12T19:02:10.000Z,80.0,0.450600204054755,1300.485283558321,65.91,33.26,62.2,19,3,NONE,64.74
581,8043,CAS,2026-10-12T19:10:08.000Z,45.0,4.655473880262399,1254.666482890014,64.74,35.36,70.1,19,3,SPEED,66.22
581,8043,KSX,2026-10-12T19:12:10.000Z,80.0,1.02459630109417,1236.1312549368504,66.22,37.29,72.2,19,3,NONE,64.37
581,8043,BKSC,2026-10-12T19:16:15.000Z,80.0,1.1718295826785856,1208.9155394076124,64.37,38.88,76.3,19,3,NONE,58.14
581,8043,SMND,2026-10-12T19:23:10.000Z,45.0,4.79424888800013,1073.7602719932206,58.14,39.95,83.2,19,3,SPEED,65.63
581,8043,KQR,2026-10-12T19:36:42.000Z,45.0,8.191986608346117,1060.933073415556,65.63,41.3,96.7,19,3,SPEED,71.9
581,8043,GAP,2026-10-12T19:40:01.000Z,50.0,0.417317869373103,1024.519598085716,71.9,42.83,100.0,19,3,WEATHER,72.57
581,8043,JHN,2026-10-12T19:44:43.000Z,50.0,0.6806149303530733,934.2191888780916,72.57,44.25,104.7,19,3,WEATHER,83.8
581,8043,KVD,2026-10-12T19:47:00.000Z,80.0,0.3407257031460795,861.207617651088,83.8,46.05,107.0,19,3,NONE,72.87
581,8043,DCX,2026-10-12T19:49:10.000Z,50.0,0.4952581565813316,818.4364376339825,72.87,47.21,109.2,19,3,WEATHER,71.96
581,8043,CDMR,2026-10-12T20:01:50.000Z,45.0,7.37005864223923,802.5246650348295,71.96,48.24,121.8,20,3,SPEED,68.36
581,8043,KEI,2026-10-12T20:05:34.000Z,80.0,0.5723819581445957,770.2602061116131,68.36,49.05,125.6,20,3,NONE,67.52
581,8043,SOP,2026-10-12T20:12:37.000Z,45.0,3.717633424247744,763.780539861158,67.52,49.76,132.6,20,3,SPEED,69.74
581,8043,PDRD,2026-10-12T20:14:47.000Z,50.0,0.8280040540908734,742.4351808757282,69.74,50.5,134.8,20,3,WEATHER,75.32
581,8043,TLMD,2026-10-12T20:16:51.000Z,80.0,1.0473852925036211,733.7873763291195,75.32,51.39,136.9,20,3,NONE,66.95
581,8043,ZBD,2026-10-12T20:19:44.000Z,50.0,0.0571939708294777,714.6392852522179,66.95,51.92,139.7,20,3,WEATHER,72.63
581,8043,BDKN,2026-10-12T20:28:55.000Z,50.0,6.4175378103863805,622.8539197754861,72.63,52.61,148.9,20,3,WEATHER,72.59
581,8043,AKJ,2026-10-12T20:31:47.000Z,50.0,0.6982168458787517,560.0729209654658,72.59,53.26,151.8,20,3,WEATHER,76.45
581,8043,CDRL,2026-10-12T20:38:11.000Z,45.0,4.683273334740824,531.2596315922202,76.45,53.98,158.2,20,3,SPEED,76.92
581,8043,UTA,2026-10-12T20:43:50.000Z,45.0,4.084821658220722,440.9104910851655,76.92,54.68,163.8,20,3,SPEED,69.67
581,8043,DLQ,2026-10-12T20:48:43.000Z,50.0,0.5376394307982174,430.982781558796,69.67,55.12,168.7,20,3,WEATHER,85.6
581,8043,KUF,2026-10-12T20:53:38.000Z,80.0,0.2729324544762785,380.800952332864,85.6,55.99,173.6,20,3,NONE,69.11
581,8043,AIG,2026-10-12T20:57:30.000Z,50.0,1.280650933314832,351.57956225058746,69.11,56.35,177.5,20,3,WEATHER,79.03
581,8043,KH,2026-10-12T20:59:53.000Z,80.0,0.4209544713434421,342.3415606431679,79.03,56.97,179.9,20,3,NONE,63.7
581,8043,BTRA,2026-10-12T21:10:03.000Z,50.0,8.119447142141992,326.1694854821812,63.7,57.14,190.1,21,3,WEATHER,70.83
581,8043,RYS,2026-10-12T21:13:48.000Z,50.0,0.1044732910555991,263.3704640315905,70.83,57.49,193.8,21,3,WEATHER,71.37
581,8043,BE,2026-10-12T21:16:40.000Z,80.0,0.9755686110269972,253.94128441020885,71.37,57.84,196.7,21,3,NONE,57.9
581,8043,DAN,2026-10-12T21:25:16.000Z,45.0,5.89633538465626,234.57070815280989,57.9,57.84,205.3,21,3,SPEED,63.92
581,8043,MIL,2026-10-12T21:37:07.000Z,45.0,7.748740925247317,221.24659046265592,63.92,57.99,217.1,21,3,SPEED,65.93
581,8043,DAM,2026-10-12T21:42:05.000Z,80.0,0.1788346369220562,200.7716423032821,65.93,58.17,222.1,21,3,NONE,53.55
581,8043,SAR,2026-10-12T21:44:24.000Z,50.0,1.8857503494104004,196.57872754893503,53.55,58.07,224.4,21,3,WEATHER,58.33
581,8043,KNT,2026-10-12T21:48:10.000Z,50.0,0.1105394551627307,135.1385637904557,58.33,58.07,228.2,21,3,WEATHER,66.57
581,8043,CAJ,2026-10-12T21:58:40.000Z,45.0,6.612890868966753,118.33314993910533,66.57,58.26,238.7,21,3,SPEED,68.44
581,8043,FZL,2026-10-12T22:07:36.000Z,45.0,4.75367797338416,66.24989702395533,68.44,58.47,247.6,22,3,SPEED,63.01
581,8043,CNK,2026-10-12T22:16:42.000Z,50.0,5.670389211497309,54.91686034727004,63.01,58.57,256.7,22,3,WEATHER,73.24
581,8043,JWP,2026-10-12T22:19:59.000Z,50.0,0.2575836436121402,4.185886252271259,73.24,58.87,260.0,22,3,WEATHER,72.93
550,6536,BJP,2026-10-14T13:00:00.000Z,80.0,0.4919894929666503,686.4613547469406,0.0,0.0,0.0,13,2,NONE,0.56
550,6536,IMR,2026-10-14T13:04:45.000Z,80.0,0.3039858145624967,682.4506712545171,0.56,0.56,4.8,13,2,NONE,2.54
550,6536,BENL,2026-10-14T13:12:22.000Z,45.0,3.612291224504519,635.0924150765692,2.54,1.55,12.4,13,2,SPEED,13.95
550,6536,KSAR,2026-10-14T13:14:36.000Z,50.0,1.4471895572517384,623.7578285663234,13.95,5.68,14.6,13,2,WEATHER,27.76
550,6536,SII,2026-10-14T13:19:44.000Z,45.0,3.032206641971211,622.2574472264109,27.76,11.2,19.7,13,2,SPEED,32.22
550,6536,MGL,2026-10-14T13:22:44.000Z,80.0,0.4708001909361157,602.6065752556999,32.22,15.41,22.7,13,2,NONE,28.81
550,6536,SMKT,2026-10-14T13:27:37.000Z,50.0,0.2647402416098068,546.7825153721642,28.81,17.64,27.6,13,2,WEATHER,43.92
550,6536,KUG,2026-10-14T13:37:37.000Z,45.0,5.497791463194568,467.2678613703964,43.92,21.39,37.6,13,2,SPEED,48.27
550,6536,YLG,2026-10-14T13:40:04.000Z,50.0,0.2838926716549108,406.3171506754525,48.27,24.75,40.1,13,2,WEATHER,54.49
550,6536,SVNR,2026-10-14T13:49:59.000Z,50.0,6.128246335471003,404.0881156753428,54.49,28.06,50.0,13,2,WEATHER,67.25
550,6536,HRR,2026-10-14T13:54:18.000Z,50.0,1.3491260222471446,326.58266117140494,67.25,31.98,54.3,13,2,WEATHER,70.18
550,6536,THN,2026-10-14T14:06:18.000Z,45.0,8.867671639556503,312.2469493063144,70.18,35.45,66.3,14,2,SPEED,67.71
550,6536,HNH,2026-10-14T14:11:28.000Z,50.0,2.8305726853457607,300.41100131619646,67.71,38.14,71.5,14,2,WEATHER,70.88
550,6536,KAG,2026-10-14T14:14:33.000Z,80.0,1.0176995773669677,293.69676791832177,70.88,40.66,74.6,14,2,NONE,61.55
550,6536,RRB,2026-10-14T14:27:17.000Z,45.0,7.835199548485276,208.840282185083,61.55,42.15,87.3,14,2,SPEED,57.25
550,6536,BNK,2026-10-14T14:35:59.000Z,45.0,4.546284575439266,131.34035456611844,57.25,43.16,96.0,14,2,SPEED,56.73
550,6536,BSN,2026-10-14T14:39:44.000Z,80.0,1.077272992119217,112.66120426748714,56.73,44.0,99.7,14,2,NONE,52.31
550,6536,SPGR,2026-10-14T14:48:08.000Z,45.0,5.380455159777184,105.92419843938036,52.31,44.49,108.1,14,2,SPEED,55.45
550,6536,MLSA,2026-10-14T15:01:17.000Z,45.0,7.694745753351282,79.76501563075722,55.45,45.1,121.3,15,2,SPEED,59.49
550,6536,BAW,2026-10-14T15:05:49.000Z,80.0,0.3469080108599591,7.787862395971637,59.49,45.86,125.8,15,2,NONE,57.97
585,8056,VDE,2026-09-19T18:00:00.000Z,50.0,2.54247035455135,1462.1292095343224,0.0,0.0,0.0,18,1,WEATHER,15.98
585,8056,KJJ,2026-09-19T18:09:57.000Z,45.0,7.190631787823501,1448.044539826891,15.98,15.98,10.0,18,1,SPEED,20.7
585,8056,UPD,2026-09-19T18:14:42.000Z,50.0,0.6904765972130772,1374.2649902099108,20.7,18.34,14.7,18,1,WEATHER,34.68
585,8056,SKM,2026-09-19T18:27:27.000Z,50.0,8.157949573566826,1372.0557006480033,34.68,23.79,27.5,18,1,WEATHER,51.88
585,8056,UGD,2026-09-19T18:30:15.000Z,80.0,0.3474902757208077,1314.3293792709164,51.88,30.81,30.3,18,1,NONE,42.36
585,8056,KPLL,2026-09-19T18:32:30.000Z,80.0,0.0066563797747783,1298.385686009048,42.36,33.12,32.5,18,1,NONE,35.97
585,8056,BPP,2026-09-19T18:43:55.000Z,45.0,7.902549494423572,1280.2190765198905,35.97,33.6,43.9,18,1,SPEED,44.32
585,8056,MDKU,2026-09-19T18:45:55.000Z,50.0,0.4903839638757832,1245.6203494382228,44.32,35.13,45.9,18,1,WEATHER,60.95
585,8056,TSR,2026-09-19T18:50:01.000Z,50.0,1.4640929754619942,1242.9679146142714,60.95,38.36,50.0,18,1,WEATHER,66.41
585,8056,BZA,2026-09-19T18:57:15.000Z,45.0,3.531731281599022,1202.7161553265253,66.41,41.47,57.3,18,1,SPEED,72.88
585,8056,MBD,2026-09-19T19:03:30.000Z,50.0,4.246961485847442,1190.876626097769,72.88,44.61,63.5,19,1,WEATHER,72.72
585,8056,NZD,2026-09-19T19:11:15.000Z,45.0,5.172697217953964,1163.952271066734,72.72,47.17,71.3,19,1,SPEED,61.33
585,8056,BPY,2026-09-19T19:14:20.000Z,50.0,2.1070601677628646,1100.7941113016743,61.33,48.35,74.3,19,1,WEATHER,67.41
585,8056,NBM,2026-09-19T19:20:05.000Z,45.0,2.663180277595085,1086.4692840670375,67.41,49.82,80.1,19,1,SPEED,71.93
585,8056,PSDA,2026-09-19T19:23:36.000Z,50.0,0.0218534408842225,1062.0521648808106,71.93,51.4,83.6,19,1,WEATHER,84.77
585,8056,KVR,2026-09-19T19:26:30.000Z,45.0,1.6419957985898714,1060.552893372257,84.77,53.62,86.5,19,1,SPEED,88.85
585,8056,GVN,2026-09-19T19:31:19.000Z,80.0,0.3172386590941548,1054.513396290982,88.85,55.82,91.3,19,1,NONE,76.6
585,8056,KYM,2026-09-19T19:42:16.000Z,50.0,7.320785561902332,1049.215005743656,76.6,57.04,102.3,19,1,WEATHER,87.31
585,8056,APT,2026-09-19T19:46:23.000Z,80.0,0.1277509493321857,1028.7284933744288,87.31,58.73,106.4,19,1,NONE,71.11
585,8056,BVL,2026-09-19T19:50:17.000Z,45.0,2.5324428541189308,1021.8109513141362,71.11,59.38,110.3,19,1,SPEED,63.94
585,8056,PBD,2026-09-19T19:54:21.000Z,50.0,0.6780319441709329,1014.3351767148348,63.94,59.61,114.4,19,1,WEATHER,71.49
585,8056,GDPT,2026-09-19T19:59:58.000Z,50.0,3.7628966193158377,1010.481597028145,71.49,60.17,120.0,19,1,WEATHER,78.6
585,8056,RVD,2026-09-19T20:03:17.000Z,50.0,0.039191986608314,972.6455464994044,78.6,61.01,123.3,20,1,WEATHER,89.43
585,8056,TMPM,2026-09-19T20:07:09.000Z,80.0,0.7820337324284026,962.4736648569582,89.43,62.25,127.2,20,1,NONE,77.48
585,8056,TUNI,2026-09-19T20:10:28.000Z,80.0,0.6839742949489805,949.6866320304432,77.48,62.88,130.5,20,1,NONE,73.45
585,8056,MIPM,2026-09-19T20:24:18.000Z,50.0,9.114118556330132,868.323233148949,73.45,63.3,144.3,20,1,WEATHER,74.53
585,8056,SCM,2026-09-19T20:34:19.000Z,45.0,6.774817328125537,853.980647402696,74.53,63.73,154.3,20,1,SPEED,71.04
585,8056,KTV,2026-09-19T20:36:55.000Z,50.0,0.3834508180651777,830.3451012929444,71.04,64.01,156.9,20,1,WEATHER,79.39
585,8056,KPL,2026-09-19T20:46:15.000Z,50.0,6.967245336105534,829.5781996593092,79.39,64.55,166.3,20,1,WEATHER,84.99
585,8056,KUK,2026-09-19T20:50:06.000Z,80.0,0.4869871946633562,806.8830516854981,84.99,65.26,170.1,20,1,NONE,70.8
585,8056,VZM,2026-09-19T21:00:08.000Z,50.0,7.203629399283408,803.4134970595313,70.8,65.44,180.1,21,1,WEATHER,72.82
585,8056,MMS,2026-09-19T21:04:59.000Z,50.0,2.487437597121824,648.4002071198604,72.82,65.68,185.0,21,1,WEATHER,69.9
585,8056,JPI,2026-09-19T21:08:01.000Z,50.0,1.868985294547255,622.9938621723234,69.9,65.81,188.0,21,1,WEATHER,73.41
585,8056,IPM,2026-09-19T21:11:36.000Z,50.0,0.131510004879602,609.6621946373417,73.41,66.04,191.6,21,1,WEATHER,82.06
585,8056,SLRD,2026-09-19T21:24:02.000Z,45.0,7.793945843762943,608.9084297330907,82.06,66.52,204.0,21,1,SPEED,76.63
585,8056,CAP,2026-09-19T21:26:05.000Z,80.0,0.3879599324554603,565.5895432703776,76.63,66.8,206.1,21,1,NONE,65.17
585,8056,GNGD,2026-09-19T21:34:36.000Z,45.0,4.376152312940285,505.2281815527994,65.17,66.76,214.6,21,1,SPEED,69.31
585,8056,KUU,2026-09-19T21:39:16.000Z,50.0,0.4802698372661483,493.397168042194,69.31,66.83,219.3,21,1,WEATHER,79.83
585,8056,KAPG,2026-09-19T21:48:49.000Z,45.0,6.435720880283004,492.6483129339742,79.83,67.17,228.8,21,1,SPEED,82.68
585,8056,MKTP,2026-09-19T21:53:11.000Z,50.0,0.1934187830416816,482.0332419845225,82.68,67.57,233.2,21,1,WEATHER,89.46
585,8056,NKP,2026-09-19T21:57:39.000Z,50.0,0.4199189706774018,469.6536137970116,89.46,68.11,237.7,21,1,WEATHER,83.57
585,8056,GLBA,2026-09-19T22:03:45.000Z,50.0,2.604311458225823,467.9800079379881,83.57,68.49,243.8,22,1,WEATHER,87.31
585,8056,TAP,2026-09-19T22:07:41.000Z,80.0,0.7836467243472347,461.37501993527775,87.31,68.94,247.7,22,1,NONE,73.15
585,8056,KUR,2026-09-19T22:12:28.000Z,50.0,0.2788817007819766,443.44728224526574,73.15,69.04,252.5,22,1,WEATHER,69.22
585,8056,LGTR,2026-09-19T22:15:48.000Z,50.0,0.5521867515927422,429.22075065560256,69.22,69.04,255.8,22,1,WEATHER,72.62
585,8056,BBS,2026-09-19T22:21:46.000Z,45.0,3.4391893651379224,427.7226356829936,72.62,69.12,261.8,22,1,SPEED,74.76
585,8056,BNBH,2026-09-19T22:24:03.000Z,80.0,0.0184216462135629,421.0981749181521,74.76,69.24,264.1,22,1,NONE,60.31
585,8056,PTAB,2026-09-19T22:28:30.000Z,50.0,1.2291988292946203,415.8869141414587,60.31,69.05,268.5,22,1,WEATHER,71.26
585,8056,BRAG,2026-09-19T22:32:58.000Z,80.0,0.3965171779807155,409.26279990004497,71.26,69.1,273.0,22,1,NONE,63.72
585,8056,KTJI,2026-09-19T22:37:11.000Z,45.0,1.6516631572846052,401.79789596738607,63.72,68.99,277.2,22,1,SPEED,64.71
585,8056,KIS,2026-09-19T22:40:39.000Z,80.0,0.3281040447208809,384.2828624542609,64.71,68.9,280.7,22,1,NONE,56.1
585,8056,HDS,2026-09-19T22:46:24.000Z,45.0,2.777001619685418,363.0512054801149,56.1,68.65,286.4,22,1,SPEED,55.17
585,8056,JEN,2026-09-19T22:56:04.000Z,45.0,5.101697838061694,350.21762167484377,55.17,68.39,296.1,22,1,SPEED,56.03
585,8056,JJKR,2026-09-19T23:00:27.000Z,80.0,0.1249660467626726,329.8941748868487,56.03,68.16,300.5,23,1,NONE,50.42
585,8056,BTV,2026-09-19T23:09:24.000Z,45.0,6.276991169046473,324.3111239146645,50.42,67.83,309.4,23,1,SPEED,54.3
585,8056,MZZ,2026-09-19T23:13:44.000Z,45.0,2.727349536100538,311.471399936214,54.3,67.59,313.7,23,1,SPEED,51.81
585,8056,BUDR,2026-09-19T23:23:47.000Z,45.0,6.089141339930113,298.8864896642909,51.81,67.3,323.8,23,1,SPEED,51.72
585,8056,RNTL,2026-09-19T23:33:54.000Z,45.0,6.799137344994078,285.5565369499013,51.72,67.03,333.9,23,1,SPEED,46.31
585,8056,HIP,2026-09-19T23:38:04.000Z,80.0,0.8063169958862596,213.65878206900112,46.31,66.67,338.1,23,1,NONE,42.58
585,8056,NMBR,2026-09-19T23:40:11.000Z,80.0,1.3343175052851812,202.71505633454387,42.58,66.27,340.2,23,1,NONE,39.63
585,8056,ARD,2026-09-19T23:45:41.000Z,45.0,3.89839232537087,195.2150599355424,39.63,65.82,345.7,23,1,SPEED,35.07
585,8056,CNT,2026-09-19T23:48:27.000Z,45.0,0.4155954871914667,143.88891438458896,35.07,65.32,348.5,23,1,SPEED,37.5
585,8056,SMCK,2026-09-19T23:52:29.000Z,50.0,0.7891632995828878,93.30297185538058,37.5,64.87,352.5,23,1,WEATHER,43.15
585,8056,BCK,2026-09-19T23:59:32.000Z,45.0,4.760190103888951,91.805218258,43.15,64.52,359.5,23,1,SPEED,39.48
585,8056,NPMR,2026-09-20T00:05:28.000Z,45.0,2.775823568187802,66.38553068245434,39.48,64.13,365.5,0,1,SPEED,39.42
585,8056,KGY,2026-09-20T00:12:00.000Z,45.0,3.913514807521302,40.2203818027556,39.42,63.75,372.0,0,1,SPEED,45.15
585,8056,ABB,2026-09-20T00:14:50.000Z,50.0,1.2530399692547929,15.804651729649091,45.15,63.47,374.8,0,1,WEATHER,55.92
585,8056,SEL,2026-09-20T00:17:13.000Z,45.0,1.5473498847498988,14.30466187734029,55.92,63.36,377.2,0,1,SPEED,51.39
585,8056,ADL,2026-09-20T00:22:12.000Z,80.0,0.2886045733206595,9.549203594221227,51.39,63.18,382.2,0,1,NONE,45.82
585,8056,MRGM,2026-09-20T00:26:36.000Z,80.0,1.181811242430804,8.666278153105093,45.82,62.93,386.6,0,1,NONE,41.18
539,6008,STKT,2026-09-22T20:00:00.000Z,80.0,0.6640635706258565,802.329996551557,0.0,0.0,0.0,20,0,NONE,3.28
539,6008,OCR,2026-09-22T20:09:10.000Z,45.0,6.572071057580129,793.4924666541586,3.28,3.28,9.2,20,0,SPEED,15.07
539,6008,MVLK,2026-09-22T20:19:40.000Z,45.0,7.055839404378655,780.9076769591004,15.07,9.17,19.7,20,0,SPEED,18.82
539,6008,CNGR,2026-09-22T20:28:31.000Z,45.0,5.194179028859534,767.5784663276527,18.82,12.39,28.5,20,0,SPEED,20.52
539,6008,KFQ,2026-09-22T20:31:55.000Z,45.0,1.2975020858000592,728.7868895016417,20.52,14.42,31.9,20,0,SPEED,26.32
539,6008,ETM,2026-09-22T20:34:06.000Z,50.0,0.7970586545233195,721.5552410692081,26.32,16.8,34.1,20,0,WEATHER,40.02
539,6008,ERN,2026-09-22T20:37:11.000Z,80.0,0.3243783789927829,673.8518948153459,40.02,20.67,37.2,20,0,NONE,39.31
539,6008,AWY,2026-09-22T20:41:37.000Z,80.0,0.140345494695458,658.263745721536,39.31,23.33,41.6,20,0,NONE,37.38
539,6008,KUC,2026-09-22T20:45:14.000Z,80.0,1.1782007624118729,645.6735320419615,37.38,25.09,45.2,20,0,NONE,31.28
539,6008,VTK,2026-09-22T20:48:12.000Z,80.0,0.0288016486764536,580.5562843591254,31.28,25.78,48.2,20,0,NONE,30.11
539,6008,LDY,2026-09-22T20:53:42.000Z,45.0,2.6417067983043934,560.9981385039363,30.11,26.21,53.7,20,0,SPEED,42.58
539,6008,PGT,2026-09-22T20:56:48.000Z,50.0,1.929823422802372,536.5864269531963,42.58,27.7,56.8,20,0,WEATHER,54.67
539,6008,MDKI,2026-09-22T20:59:14.000Z,50.0,0.3965418816856318,498.63366761279855,54.67,29.95,59.2,20,0,WEATHER,57.27
539,6008,CBF,2026-09-22T21:04:03.000Z,45.0,1.3353834091150905,483.50613373968014,57.27,32.05,64.1,21,0,SPEED,62.4
539,6008,PLMD,2026-09-22T21:07:10.000Z,80.0,0.1698690746173854,477.18388212434274,62.4,34.22,67.2,21,0,NONE,58.31
539,6008,SUU,2026-09-22T21:09:24.000Z,80.0,0.8863148990419255,463.3470636135581,58.31,35.82,69.4,21,0,NONE,48.93
539,6008,TUP,2026-09-22T21:11:25.000Z,80.0,0.8299013229308067,437.070080737956,48.93,36.64,71.4,21,0,NONE,42.52
539,6008,IGR,2026-09-22T21:15:19.000Z,50.0,1.362363804792686,407.5013422218558,42.52,36.99,75.3,21,0,WEATHER,56.29
539,6008,PY,2026-09-22T21:24:01.000Z,45.0,5.370351241968611,406.0062602354663,56.29,38.06,84.0,21,0,SPEED,57.55
539,6008,ED,2026-09-22T21:26:12.000Z,80.0,0.4442117186496727,387.6313017366891,57.55,39.08,86.2,21,0,NONE,53.57
539,6008,NEA,2026-09-22T21:29:21.000Z,80.0,0.8090190504535917,336.2877972041572,53.57,39.81,89.4,21,0,NONE,46.38
539,6008,MGSJ,2026-09-22T21:35:01.000Z,45.0,3.131021055722797,328.5014288654246,46.38,40.12,95.0,21,0,SPEED,49.66
539,6008,DPI,2026-09-22T21:45:37.000Z,45.0,6.351231120912983,263.8496678812036,49.66,40.56,105.6,21,0,SPEED,51.71
539,6008,KNNT,2026-09-22T21:52:09.000Z,50.0,3.632320014176221,239.1917148696724,51.71,41.04,112.2,21,0,WEATHER,60.33
539,6008,AB,2026-09-22T22:00:43.000Z,45.0,6.154355100867871,186.34134379900007,60.33,41.84,120.7,22,0,SPEED,56.76
539,6008,MPI,2026-09-22T22:09:56.000Z,45.0,5.167954548344346,173.51182199700702,56.76,42.44,129.9,22,0,SPEED,63.33
539,6008,MEH,2026-09-22T22:15:20.000Z,50.0,4.019170263165583,161.67740375346614,63.33,43.24,135.3,22,0,WEATHER,64.24
539,6008,GYM,2026-09-22T22:18:22.000Z,80.0,1.131072952170194,153.85889095786573,64.24,44.02,138.4,22,0,NONE,52.96
539,6008,VJ,2026-09-22T22:21:06.000Z,80.0,1.067709681759275,141.7359664495842,52.96,44.34,141.1,22,0,NONE,40.8
539,6008,KPD,2026-09-22T22:31:03.000Z,45.0,6.158280969542851,134.76720931039478,40.8,44.22,151.1,22,0,SPEED,42.38
539,6008,THL,2026-09-22T22:39:11.000Z,45.0,5.545572573635186,122.18138664352668,42.38,44.16,159.2,22,0,SPEED,46.1
539,6008,SHU,2026-09-22T22:47:52.000Z,45.0,6.428834258016167,96.01126435991505,46.1,44.22,167.9,22,0,SPEED,38.41
539,6008,AVN,2026-09-22T22:54:05.000Z,50.0,4.443460353479519,84.18303196760549,38.41,44.04,174.1,22,0,WEATHER,39.06
539,6008,CTRE,2026-09-22T22:58:53.000Z,80.0,0.4500957173571092,76.34048657366607,39.06,43.89,178.9,22,0,NONE,34.75
539,6008,AJJ,2026-09-22T23:03:31.000Z,50.0,3.44459600933183,71.60067310004581,34.75,43.62,183.5,23,0,WEATHER,45.62
539,6008,PLMG,2026-09-22T23:05:35.000Z,80.0,0.0621925497370301,66.22969100129792,45.62,43.68,185.6,23,0,NONE,40.27
539,6008,MSU,2026-09-22T23:08:44.000Z,80.0,0.5229238264012339,63.15048308011706,40.27,43.58,188.7,23,0,NONE,39.08
539,6008,MAF,2026-09-22T23:14:27.000Z,45.0,3.678701905633297,57.27655075782713,39.08,43.46,194.5,23,0,SPEED,41.68
539,6008,TRL,2026-09-22T23:17:42.000Z,80.0,0.4672527607106436,41.62276488303528,41.68,43.41,197.7,23,0,NONE,32.92
539,6008,VEU,2026-09-22T23:20:17.000Z,50.0,1.1103223052739883,32.86426613875176,32.92,43.14,200.3,23,0,WEATHER,48.56
539,6008,TI,2026-09-22T23:26:02.000Z,45.0,2.6635760182574,31.361264645892003,48.56,43.28,206.0,23,0,SPEED,44.16
539,6008,PVM,2026-09-22T23:29:32.000Z,80.0,0.3319612901120566,13.848271267636768,44.16,43.3,209.5,23,0,NONE,39.14
513,4054,BBMN,2026-09-22T11:00:00.000Z,80.0,0.3542453340080528,623.4994056884176,0.0,0.0,0.0,11,1,NONE,1.94
513,4054,VJPJ,2026-09-22T11:12:06.000Z,50.0,9.475973414976432,620.2963536464912,1.94,1.94,12.1,11,1,WEATHER,14.75
513,4054,GHGL,2026-09-22T11:17:30.000Z,50.0,3.7127514757398377,594.888812016713,14.75,8.34,17.5,11,1,WEATHER,27.73
513,4054,GILA,2026-09-22T11:24:21.000Z,45.0,2.951183891762291,528.7134661181019,27.73,14.81,24.4,11,1,SPEED,31.97
513,4054,BNGL,2026-09-22T11:33:29.000Z,45.0,6.309502047167445,515.872588945134,31.97,19.1,33.5,11,1,SPEED,34.14
513,4054,UCB,2026-09-22T11:37:15.000Z,50.0,0.0043679734580029,491.4379168715557,34.14,22.11,37.3,11,1,WEATHER,43.78
513,4054,DZA,2026-09-22T11:43:29.000Z,45.0,4.473048630293992,489.9338079253109,43.78,25.72,43.5,11,1,SPEED,41.76
513,4054,CGH,2026-09-22T11:48:19.000Z,50.0,1.2205313689385393,465.2844587119904,41.76,28.01,48.3,11,1,WEATHER,52.26
513,4054,BPRS,2026-09-22T11:51:41.000Z,80.0,0.7584820456697736,458.0577629492639,52.26,31.04,51.7,11,1,NONE,52.01
513,4054,MLIH,2026-09-22T11:58:32.000Z,45.0,4.414310027552146,412.4796670669418,52.01,33.37,58.5,11,1,SPEED,56.95
513,4054,BTTN,2026-09-22T12:06:48.000Z,50.0,4.635962286940049,401.1408452736545,56.95,35.73,66.8,12,1,WEATHER,64.69
513,4054,KNN,2026-09-22T12:10:04.000Z,50.0,1.9083353494441155,323.64597259216504,64.69,38.36,70.1,12,1,WEATHER,72.63
513,4054,GVG,2026-09-22T12:14:46.000Z,80.0,0.8219518328538481,314.4578235082261,72.63,41.22,74.8,12,1,NONE,68.3
513,4054,UBC,2026-09-22T12:19:23.000Z,50.0,0.5695118455416598,258.9677150535466,68.3,43.3,79.4,12,1,WEATHER,75.84
513,4054,UMB,2026-09-22T12:30:51.000Z,45.0,6.541682656129825,257.4651080088322,75.84,45.63,90.9,12,1,SPEED,72.11
513,4054,DOKY,2026-09-22T12:36:52.000Z,50.0,2.535145455144176,246.12895668528077,72.11,47.39,96.9,12,1,WEATHER,89.78
513,4054,KES,2026-09-22T12:39:45.000Z,80.0,1.0937318260103055,238.81556300588295,89.78,50.04,99.8,12,1,NONE,70.1
513,4054,THJ,2026-09-22T12:44:15.000Z,80.0,0.6292938532810475,146.49339619638386,70.1,51.22,104.3,12,1,NONE,59.84
513,4054,BMHR,2026-09-22T12:48:20.000Z,50.0,0.5505891856517454,117.665095130678,59.84,51.7,108.3,12,1,WEATHER,66.0
513,4054,KAT,2026-09-22T12:50:52.000Z,50.0,1.091294115690088,91.1211801151861,66.0,52.45,110.9,12,1,WEATHER,66.83
513,4054,SKF,2026-09-22T13:04:04.000Z,45.0,8.799763533971861,89.62792275584589,66.83,53.17,124.1,13,1,SPEED,69.74
513,4054,GUH,2026-09-22T13:14:38.000Z,50.0,7.361244709351338,26.48149052818296,69.74,53.96,134.6,13,1,WEATHER,82.65
513,4054,SBB,2026-09-22T13:25:38.000Z,45.0,6.599738214405922,12.128373422129638,82.65,55.26,145.6,13,1,SPEED,76.94
523,4728,KHAR,2026-10-29T02:00:00.000Z,80.0,0.0665190514876932,1206.676222767749,0.0,0.0,0.0,2,3,NONE,1.1
523,4728,JOS,2026-10-29T02:04:09.000Z,80.0,0.1489304676573818,1199.2037122862955,1.1,1.1,4.2,2,3,NONE,1.86
523,4728,MDD,2026-10-29T02:07:52.000Z,45.0,2.2251793430582483,1195.660101350932,1.86,1.48,7.9,2,3,SPEED,10.74
523,4728,BVI,2026-10-29T02:10:51.000Z,80.0,1.0801482561499838,1189.821730452382,10.74,4.57,10.9,2,3,NONE,10.86
523,4728,BYR,2026-10-29T02:17:07.000Z,45.0,2.878397224213264,1182.329892608643,10.86,6.14,17.1,2,3,SPEED,18.95
523,4728,NIG,2026-10-29T02:21:22.000Z,80.0,0.7091381543235636,1175.748827947571,18.95,8.7,21.4,2,3,NONE,16.23
523,4728,SAH,2026-10-29T02:25:11.000Z,80.0,0.1168703869172746,1147.816504172033,16.23,9.96,25.2,2,3,NONE,13.29
523,4728,BOR,2026-10-29T02:30:05.000Z,80.0,0.3655473938982222,1122.1237377876912,13.29,10.43,30.1,2,3,NONE,11.3
523,4728,DRD,2026-10-29T02:37:51.000Z,50.0,6.165337416535393,1106.3196962682234,11.3,10.54,37.9,2,3,WEATHER,25.37
523,4728,KEB,2026-10-29T02:41:28.000Z,80.0,0.5200965992515129,1059.0981265496162,25.37,12.19,41.5,2,3,NONE,20.82
523,4728,ATUL,2026-10-29T02:46:12.000Z,80.0,0.4196485680665141,1033.4859394364296,20.82,13.05,46.2,2,3,NONE,16.44
523,4728,AML,2026-10-29T02:49:16.000Z,50.0,0.0305524808771526,1002.7075810206046,16.44,13.36,49.3,2,3,WEATHER,23.63
523,4728,VDH,2026-10-29T02:52:16.000Z,80.0,0.1216707306772298,995.4703989624865,23.63,14.22,52.3,2,3,NONE,22.71
523,4728,GTX,2026-10-29T02:58:19.000Z,45.0,3.2636908972806595,949.8152136296424,22.71,14.87,58.3,2,3,SPEED,28.37
523,4728,SYN,2026-10-29T03:02:06.000Z,80.0,0.6220176264653188,944.3905783762116,28.37,15.83,62.1,3,3,NONE,22.92
523,4728,KDSD,2026-10-29T03:05:09.000Z,50.0,1.8710464589805125,938.476936037044,22.92,16.31,65.2,3,3,WEATHER,26.99
523,4728,BH,2026-10-29T03:08:39.000Z,50.0,1.2516038101891749,899.7226843478378,26.99,16.97,68.7,3,3,WEATHER,39.86
523,4728,CVJ,2026-10-29T03:18:08.000Z,45.0,5.056877342028131,898.2204323042025,39.86,18.32,78.1,3,3,SPEED,41.98
523,4728,LKD,2026-10-29T03:29:41.000Z,45.0,7.215666673507349,872.305367786275,41.98,19.63,89.7,3,3,SPEED,45.72
523,4728,MYG,2026-10-29T03:35:44.000Z,50.0,2.783347407249037,860.9607787939598,45.72,21.01,95.7,3,3,WEATHER,62.93
523,4728,ITA,2026-10-29T03:40:03.000Z,50.0,1.1017905139011854,847.6323431197505,62.93,23.1,100.1,3,3,WEATHER,65.39
523,4728,RNO,2026-10-29T03:49:12.000Z,45.0,5.009141068278018,820.708751325528,65.39,25.12,109.2,3,3,SPEED,58.28
523,4728,ADD,2026-10-29T03:56:04.000Z,45.0,4.542587730445485,808.1156402819721,58.28,26.62,116.1,3,3,SPEED,55.47
523,4728,VXD,2026-10-29T04:00:02.000Z,80.0,0.4763950912873156,799.740403708162,55.47,27.88,120.0,4,3,NONE,50.29
523,4728,KBRV,2026-10-29T04:04:16.000Z,50.0,0.05137533111863,785.2204326557229,50.29,28.81,124.3,4,3,WEATHER,56.56
523,4728,NEP,2026-10-29T04:10:35.000Z,45.0,3.653302967998695,756.0543311401301,56.56,29.92,130.6,4,3,SPEED,49.38
523,4728,KANJ,2026-10-29T04:13:30.000Z,80.0,0.0372452613427908,749.4308401569785,49.38,30.67,133.5,4,3,NONE,48.63
523,4728,GER,2026-10-29T04:19:15.000Z,50.0,2.915054873066818,744.7188362731614,48.63,31.34,139.3,4,3,WEATHER,53.11
523,4728,SBT,2026-10-29T04:23:59.000Z,80.0,1.195188651496777,723.702468597312,53.11,32.11,144.0,4,3,NONE,48.57
523,4728,SBI,2026-10-29T04:27:20.000Z,80.0,0.4160962499190776,723.4749602509859,48.57,32.68,147.3,4,3,NONE,44.94
523,4728,CLDY,2026-10-29T04:33:17.000Z,45.0,4.102405299218295,717.3002382936559,44.94,33.09,153.3,4,3,SPEED,43.1
523,4728,SHRD,2026-10-29T04:37:14.000Z,80.0,0.7219313170066048,697.9170761949608,43.1,33.41,157.2,4,3,NONE,35.34
523,4728,CTRL,2026-10-29T04:44:06.000Z,50.0,3.476650656873156,692.6408658570896,35.34,33.47,164.1,4,3,WEATHER,41.31
523,4728,UMN,2026-10-29T04:49:02.000Z,50.0,0.1333699592199229,667.2031007539443,41.31,33.71,169.0,4,3,WEATHER,53.92
523,4728,JDN,2026-10-29T05:01:08.000Z,45.0,7.203141839956167,665.707580110064,53.92,34.31,181.1,5,3,SPEED,53.51
523,4728,SXS,2026-10-29T05:05:58.000Z,50.0,0.568812320949998,656.6745584969605,53.51,34.85,186.0,5,3,WEATHER,59.41
523,4728,KMLI,2026-10-29T05:17:07.000Z,45.0,6.612155538503967,626.9605585271039,59.41,35.54,197.1,5,3,SPEED,64.77
523,4728,DRW,2026-10-29T05:19:18.000Z,80.0,0.2615917969648085,609.5788634056686,64.77,36.33,199.3,5,3,NONE,52.08
523,4728,KRJD,2026-10-29T05:23:30.000Z,80.0,0.5076769054112197,579.9009722266331,52.08,36.74,203.5,5,3,NONE,42.82
523,4728,JTY,2026-10-29T05:27:22.000Z,80.0,0.7316629066488933,570.4246539171603,42.82,36.9,207.4,5,3,NONE,39.34
523,4728,SZA,2026-10-29T05:37:46.000Z,45.0,6.035426974075798,562.2979530255329,39.34,36.96,217.8,5,3,SPEED,34.46
523,4728,MAA,2026-10-29T05:46:37.000Z,45.0,5.780994193659672,549.4618850397746,34.46,36.9,226.6,5,3,SPEED,34.43
523,4728,ABR,2026-10-29T05:51:43.000Z,50.0,2.684643300954757,537.6276354503705,34.43,36.84,231.7,5,3,WEATHER,47.06
523,4728,MXO,2026-10-29T05:53:57.000Z,80.0,0.2116327120551863,530.6382690776591,47.06,37.08,234.0,5,3,NONE,43.09
523,4728,BMN,2026-10-29T06:04:51.000Z,45.0,6.458988668361097,523.5505301139433,43.09,37.21,244.9,6,3,SPEED,53.64
523,4728,PMY,2026-10-29T06:10:05.000Z,50.0,3.086644385337096,343.8662958346185,53.64,37.58,250.1,6,3,WEATHER,55.7
523,4728,LUNI,2026-10-29T06:15:38.000Z,50.0,4.518406875226908,305.1163375141849,55.7,37.97,255.6,6,3,WEATHER,62.29
523,4728,HWT,2026-10-29T06:18:36.000Z,50.0,0.7477465694364342,294.86450863359494,62.29,38.49,258.6,6,3,WEATHER,68.62
523,4728,BGKT,2026-10-29T06:20:39.000Z,80.0,0.1600119769230104,273.19366559439146,68.62,39.12,260.7,6,3,NONE,56.37
523,4728,KXG,2026-10-29T06:32:26.000Z,50.0,9.026610814348423,202.19216109801525,56.37,39.47,272.4,6,3,WEATHER,65.7
523,4728,MDW,2026-10-29T06:36:22.000Z,50.0,0.4162299486972596,128.0089535224231,65.7,39.99,276.4,6,3,WEATHER,75.3
523,4728,NOK,2026-10-29T06:40:21.000Z,50.0,0.3589969843236278,61.58417007246511,75.3,40.69,280.4,6,3,WEATHER,71.73
549,6535,BAW,2026-09-19T02:00:00.000Z,80.0,0.6997202992427176,679.2281311681049,0.0,0.0,0.0,2,6,NONE,0.46
549,6535,DBS,2026-09-19T02:03:06.000Z,80.0,0.0123014681262103,643.1039257954943,0.46,0.46,3.1,2,6,NONE,0.83
549,6535,KIAT,2026-09-19T02:06:51.000Z,80.0,0.3658927316095509,629.1454320215585,0.83,0.65,6.9,2,6,NONE,0.59
549,6535,HEI,2026-09-19T02:16:03.000Z,45.0,4.680047308861596,622.2444320409644,0.59,0.63,16.1,2,6,SPEED,11.67
549,6535,SPGR,2026-09-19T02:18:55.000Z,50.0,0.4377937887053899,585.8634157630761,11.67,3.39,18.9,2,6,WEATHER,21.28
549,6535,BSN,2026-09-19T02:20:59.000Z,80.0,0.234230215614182,574.6196641942203,21.28,6.97,21.0,2,6,NONE,19.82
549,6535,RDI,2026-09-19T02:25:14.000Z,80.0,0.4138149820730071,565.0732049419464,19.82,9.11,25.2,2,6,NONE,16.73
549,6535,HVL,2026-09-19T02:29:27.000Z,50.0,1.7889454683962882,546.2401623397536,16.73,10.2,29.5,2,6,WEATHER,33.31
549,6535,BVR,2026-09-19T02:38:52.000Z,50.0,6.594445815896277,520.3302962573072,33.31,13.09,38.9,2,6,WEATHER,44.89
549,6535,RRB,2026-09-19T02:43:22.000Z,80.0,0.8807123713790944,485.8449949887556,44.89,16.62,43.4,2,6,NONE,40.09
549,6535,NVF,2026-09-19T02:51:00.000Z,50.0,4.515978100355972,481.58273199522256,40.09,18.97,51.0,2,6,WEATHER,47.82
549,6535,AJP,2026-09-19T02:53:38.000Z,50.0,0.4491911720809316,469.6513956584608,47.82,21.59,53.6,2,6,WEATHER,47.99
549,6535,HLK,2026-09-19T02:57:48.000Z,50.0,0.9076955913833386,429.98611484924544,47.99,23.79,57.8,2,6,WEATHER,62.36
549,6535,JRU,2026-09-19T03:12:00.000Z,45.0,9.23776473539342,428.4917392971311,62.36,26.76,72.0,3,6,SPEED,63.48
549,6535,THN,2026-09-19T03:15:02.000Z,80.0,0.847294992483508,383.4373825796999,63.48,29.38,75.0,3,6,NONE,56.57
549,6535,CLI,2026-09-19T03:18:46.000Z,50.0,1.4990560055503044,352.49518628594063,56.57,31.19,78.8,3,6,WEATHER,61.22
549,6535,DAD,2026-09-19T03:23:33.000Z,80.0,1.1100008097100786,331.28576247426207,61.22,33.07,83.6,3,6,NONE,55.65
549,6535,HVR,2026-09-19T03:34:30.000Z,50.0,7.021480077386556,313.7374900559772,55.65,34.4,94.5,3,6,WEATHER,64.57
549,6535,KVS,2026-09-19T03:41:34.000Z,45.0,3.4280407579283017,299.6491554232646,64.57,36.07,101.6,3,6,SPEED,53.01
549,6535,GDI,2026-09-19T03:50:45.000Z,45.0,5.088407471788885,273.47839776711373,53.01,36.97,110.8,3,6,SPEED,49.82
549,6535,SVHE,2026-09-19T03:53:12.000Z,80.0,1.1309923419630945,215.09221967881896,49.82,37.61,113.2,3,6,NONE,38.99
549,6535,MGL,2026-09-19T03:57:27.000Z,50.0,0.0803523914757027,83.91394258068598,38.99,37.67,117.5,3,6,WEATHER,45.29
549,6535,LMT,2026-09-19T04:01:21.000Z,80.0,0.036624726540972,59.22961409271926,45.29,38.02,121.4,4,6,NONE,39.9
549,6535,WDL,2026-09-19T04:08:43.000Z,45.0,3.420832080865594,53.82035444015762,39.9,38.1,128.7,4,6,SPEED,45.98
549,6535,BSRX,2026-09-19T04:13:18.000Z,50.0,0.0926993968146963,42.4911134937685,45.98,38.43,133.3,4,6,WEATHER,57.82
549,6535,KDGI,2026-09-19T04:20:47.000Z,45.0,4.468024061764471,40.99297752206895,57.82,39.21,140.8,4,6,SPEED,63.93
541,6010,QLN,2026-10-17T16:00:00.000Z,80.0,0.6620063714492709,819.3283958826302,0.0,0.0,0.0,16,1,NONE,1.99
541,6010,STKT,2026-10-17T16:02:43.000Z,80.0,0.6282709269749395,802.2942039079061,1.99,1.99,2.7,16,1,NONE,2.16
541,6010,OCR,2026-10-17T16:11:36.000Z,45.0,6.617487933836561,793.537883530415,2.16,2.08,11.6,16,1,SPEED,5.99
541,6010,MVLK,2026-10-17T16:23:48.000Z,45.0,7.102465270085595,780.9543028248073,5.99,3.38,23.8,16,1,SPEED,9.58
541,6010,CNGR,2026-10-17T16:32:08.000Z,45.0,5.235012792619086,767.6193000914122,9.58,4.93,32.1,16,1,SPEED,17.65
541,6010,TRVL,2026-10-17T16:36:21.000Z,50.0,2.542661226992595,756.2846991436282,17.65,7.47,36.4,16,1,WEATHER,35.42
541,6010,KFQ,2026-10-17T16:39:02.000Z,45.0,1.3665854191783489,728.8559728350199,35.42,12.13,39.0,16,1,SPEED,39.25
541,6010,KPTM,2026-10-17T16:41:46.000Z,80.0,0.7662682186558332,695.6437090438399,39.25,16.01,41.8,16,1,NONE,37.13
541,6010,ERN,2026-10-17T16:46:38.000Z,80.0,0.2633364543407017,673.7908528906938,37.13,18.65,46.6,16,1,NONE,30.65
541,6010,IJK,2026-10-17T16:49:51.000Z,50.0,0.6269319256379098,628.7851696353563,30.65,19.98,49.9,16,1,WEATHER,41.57
541,6010,OLR,2026-10-17T16:54:15.000Z,50.0,1.830269851395944,614.1187049527734,41.57,22.14,54.3,16,1,WEATHER,58.7
541,6010,LDY,2026-10-17T17:00:38.000Z,45.0,2.6709984767416377,561.0274301823736,58.7,25.46,60.6,17,1,SPEED,51.75
541,6010,KJKD,2026-10-17T17:02:57.000Z,50.0,1.5079754982031754,523.7788921036349,51.75,27.65,63.0,17,1,WEATHER,54.52
541,6010,CBF,2026-10-17T17:05:09.000Z,45.0,1.357383401955692,483.5281337325208,54.52,29.72,65.2,17,1,SPEED,62.64
541,6010,PLMD,2026-10-17T17:08:10.000Z,80.0,0.1485362842854493,477.1625493340108,62.64,32.07,68.2,17,1,NONE,56.75
541,6010,SUU,2026-10-17T17:13:08.000Z,80.0,0.8591888370608762,463.319937551577,56.75,33.72,73.1,17,1,NONE,48.05
541,6010,TUP,2026-10-17T17:17:23.000Z,80.0,0.8026088623490175,437.0427882773742,48.05,34.61,77.4,17,1,NONE,47.19
541,6010,PY,2026-10-17T17:26:52.000Z,45.0,5.378518165648355,406.01442715914607,47.19,35.35,86.9,17,1,SPEED,44.94
541,6010,ED,2026-10-17T17:29:09.000Z,80.0,0.4323364499609693,387.6194264680004,44.94,35.89,89.2,17,1,NONE,40.61
541,6010,DC,2026-10-17T17:36:51.000Z,50.0,6.178983776352056,355.4411993904009,40.61,36.13,96.9,17,1,WEATHER,55.35
541,6010,MGSJ,2026-10-17T17:41:45.000Z,45.0,3.151896321101127,328.5223041308029,55.35,37.09,101.8,17,1,SPEED,52.23
541,6010,KPPR,2026-10-17T17:44:53.000Z,80.0,0.3366262922518365,322.5362249778437,52.23,37.82,104.9,17,1,NONE,42.59
541,6010,BQI,2026-10-17T17:50:17.000Z,50.0,4.3316058360330025,291.2750651600229,42.59,38.03,110.3,17,1,WEATHER,52.06
541,6010,DPI,2026-10-17T17:58:54.000Z,45.0,6.364439669416722,263.8628764297073,52.06,38.64,118.9,17,1,SPEED,57.54
541,6010,VGM,2026-10-17T18:02:24.000Z,50.0,0.0979229300791583,187.86088423501457,57.54,39.43,122.4,18,1,WEATHER,71.3
541,6010,AB,2026-10-17T18:12:34.000Z,45.0,6.169355473098815,186.356344171231,71.3,40.7,132.6,18,1,SPEED,73.64
541,6010,MPI,2026-10-17T18:20:53.000Z,45.0,5.185121704820149,173.52898915348285,73.64,41.97,140.9,18,1,SPEED,73.16
541,6010,VLT,2026-10-17T18:24:08.000Z,50.0,0.1468788733131863,162.8219340322632,73.16,43.13,144.1,18,1,WEATHER,84.12
541,6010,KPD,2026-10-17T18:35:19.000Z,45.0,6.175072755093754,134.78400109594568,84.12,44.59,155.3,18,1,SPEED,83.0
541,6010,THL,2026-10-17T18:43:38.000Z,45.0,5.563114327665391,122.19892839755688,83.0,45.92,163.6,18,1,SPEED,87.88
541,6010,MRLM,2026-10-17T18:45:40.000Z,50.0,0.6450453753394844,99.6570574236845,87.88,47.31,165.7,18,1,WEATHER,88.31
541,6010,TUG,2026-10-17T18:50:11.000Z,50.0,1.5148290918894969,97.53363038697616,88.31,48.64,170.2,18,1,WEATHER,85.72
541,6010,MAF,2026-10-17T18:57:47.000Z,45.0,3.69361870402751,57.29146755622136,85.72,49.8,177.8,18,1,SPEED,85.11
541,6010,TI,2026-10-17T19:01:54.000Z,45.0,2.6837426789747703,31.38143130660937,85.11,50.87,181.9,19,1,SPEED,71.94
541,6010,TMVL,2026-10-17T19:06:11.000Z,80.0,0.862805019944925,17.593083939328217,71.94,51.48,186.2,19,1,NONE,66.91
541,6010,ABU,2026-10-17T19:11:08.000Z,80.0,0.5071212547286913,15.555048297549543,66.91,51.93,191.1,19,1,NONE,56.46
541,6010,KOTR,2026-10-17T19:14:16.000Z,80.0,1.0768851943081548,12.700580904999736,56.46,52.05,194.3,19,1,NONE,55.78
541,6010,VLK,2026-10-17T19:16:19.000Z,50.0,0.4516473960242922,9.283435776293436,55.78,52.15,196.3,19,1,WEATHER,67.13
541,6010,PER,2026-10-17T19:20:35.000Z,50.0,1.6778125188425026,6.708466196852408,67.13,52.55,200.6,19,1,WEATHER,74.05
541,6010,VJM,2026-10-17T19:23:54.000Z,80.0,0.3926458845901787,4.078892707892168,74.05,53.1,203.9,19,1,NONE,58.71
575,7607,SC,2026-10-28T07:00:00.000Z,80.0,0.2973387874876129,231.1758370021562,0.0,0.0,0.0,7,1,NONE,2.79
575,7607,GT,2026-10-28T07:10:47.000Z,45.0,6.371955329836951,218.1163870560096,2.79,2.79,10.8,7,1,SPEED,8.55
575,7607,BG,2026-10-28T07:20:58.000Z,50.0,6.9983736034471375,193.6944316424248,8.55,5.67,21.0,7,1,WEATHER,21.19
575,7607,RGP,2026-10-28T07:26:06.000Z,50.0,1.873848951696991,142.0817081285276,21.19,10.84,26.1,7,1,WEATHER,37.37
575,7607,GNP,2026-10-28T07:34:48.000Z,50.0,5.129469206634551,128.74472703464536,37.37,17.48,34.8,7,1,WEATHER,42.5
575,7607,KOLR,2026-10-28T07:39:34.000Z,80.0,0.0921922128025784,43.99863139503545,42.5,22.48,39.6,7,1,NONE,39.05
575,7607,KYOP,2026-10-28T07:42:54.000Z,50.0,0.078993193833742,38.81381755553818,39.05,25.24,42.9,7,1,WEATHER,49.38
534,6003,VJM,2026-09-16T16:00:00.000Z,80.0,0.7197522917645716,815.6998949796439,0.0,0.0,0.0,16,4,NONE,1.77
534,6003,PEW,2026-09-16T16:03:55.000Z,80.0,1.2734198966312995,812.8032278955798,1.77,1.77,3.9,16,4,NONE,2.37
534,6003,PVM,2026-09-16T16:07:34.000Z,45.0,1.1082252299558852,806.2583047636124,2.37,2.07,7.6,16,4,SPEED,6.89
534,6003,PAB,2026-09-16T16:11:13.000Z,50.0,0.7522584051481722,794.9172225487654,6.89,3.68,11.2,16,4,WEATHER,20.81
534,6003,NEC,2026-09-16T16:15:37.000Z,45.0,1.4421936500668031,793.4202204991592,20.81,7.96,15.6,16,4,SPEED,26.78
534,6003,PTLR,2026-09-16T16:19:37.000Z,50.0,1.360282013442112,781.5888094724462,26.78,11.72,19.6,16,4,WEATHER,40.46
534,6003,MAF,2026-09-16T16:25:17.000Z,45.0,2.43730430204407,767.5058449610314,40.46,16.51,25.3,16,4,SPEED,37.49
534,6003,PLMG,2026-09-16T16:30:51.000Z,45.0,2.168877246968456,754.6677683065888,37.49,19.51,30.9,16,4,SPEED,44.0
534,6003,AVN,2026-09-16T16:37:47.000Z,45.0,3.128170447858556,742.0549883449136,44.0,22.57,37.8,16,4,SPEED,42.98
534,6003,TUG,2026-09-16T16:46:53.000Z,45.0,6.0665583041723,728.7141465202666,42.98,24.84,46.9,16,4,SPEED,45.72
534,6003,MCN,2026-09-16T16:51:18.000Z,80.0,0.1839533739410711,706.9197556178219,45.72,26.93,51.3,16,4,NONE,41.95
534,6003,LTI,2026-09-16T17:01:33.000Z,45.0,7.544008657938867,689.9803070533136,41.95,28.29,61.6,17,4,SPEED,42.05
534,6003,VJ,2026-09-16T17:05:40.000Z,50.0,0.6495129846556069,678.6476457280118,42.05,29.44,65.7,17,4,WEATHER,51.19
534,6003,KVN,2026-09-16T17:13:25.000Z,45.0,5.316683081286411,677.1424073499052,51.19,31.11,73.4,17,4,SPEED,51.39
534,6003,VLT,2026-09-16T17:16:17.000Z,80.0,0.7456695037855167,656.7370038560165,51.39,32.56,76.3,17,4,NONE,45.12
534,6003,VGM,2026-09-16T17:28:16.000Z,45.0,7.505255748598008,638.4086839548436,45.12,33.4,88.3,17,4,SPEED,42.73
534,6003,MAP,2026-09-16T17:40:13.000Z,45.0,6.833407917281999,560.925227642426,42.73,33.98,100.2,17,4,SPEED,46.26
534,6003,MGSJ,2026-09-16T17:46:00.000Z,45.0,2.969699867929417,496.2656815694084,46.26,34.7,106.0,17,4,SPEED,54.54
534,6003,SA,2026-09-16T17:49:20.000Z,80.0,0.3882112700255008,490.38010649833046,54.54,35.81,109.3,17,4,NONE,46.15
534,6003,VRPD,2026-09-16T17:52:08.000Z,80.0,0.7838268421870884,480.9915479495366,46.15,36.35,112.1,17,4,NONE,41.82
534,6003,CV,2026-09-16T17:57:06.000Z,80.0,0.7587342558555453,436.8541257373869,41.82,36.62,117.1,17,4,NONE,41.97
534,6003,TPM,2026-09-16T17:59:26.000Z,80.0,1.2007817126991116,426.50466340157817,41.97,36.88,119.4,17,4,NONE,36.66
534,6003,IGR,2026-09-16T18:04:10.000Z,80.0,0.4314627779395527,412.9588738720572,36.66,36.87,124.2,18,4,NONE,31.76
534,6003,SHI,2026-09-16T18:08:04.000Z,80.0,1.287383861443974,347.84517306311994,31.76,36.65,128.1,18,4,NONE,31.72
534,6003,CBF,2026-09-16T18:16:25.000Z,45.0,4.771507733171582,341.2671469137874,31.72,36.44,136.4,18,4,SPEED,38.57
534,6003,CBE,2026-09-16T18:19:01.000Z,80.0,0.4273463030976514,334.119172724039,38.57,36.53,139.0,18,4,NONE,39.55
534,6003,MDKI,2026-09-16T18:30:25.000Z,45.0,7.998237130551785,328.42750091061976,39.55,36.64,150.4,18,4,SPEED,42.5
534,6003,WRA,2026-09-16T18:35:19.000Z,80.0,0.2375026918675826,306.98915839605087,42.5,36.86,155.3,18,4,NONE,41.7
534,6003,PLPM,2026-09-16T18:40:11.000Z,80.0,0.591880539223892,256.9594761266122,41.7,37.03,160.2,18,4,NONE,42.83
534,6003,OTP,2026-09-16T18:44:38.000Z,50.0,0.1348873141703997,253.5425847525243,42.83,37.23,164.6,18,4,WEATHER,46.88
534,6003,NYI,2026-09-16T18:50:44.000Z,45.0,3.1810390433276634,199.60260110361224,46.88,37.55,170.7,18,4,SPEED,43.24
534,6003,IJK,2026-09-16T18:55:02.000Z,80.0,0.237546671395906,190.74569847285807,43.24,37.74,175.0,18,4,NONE,39.5
534,6003,AFK,2026-09-16T19:01:12.000Z,45.0,3.976544339755154,173.43922334975218,39.5,37.79,181.2,19,4,SPEED,39.53
534,6003,IPL,2026-09-16T19:05:38.000Z,50.0,0.2172512742469976,150.29364305710735,39.53,37.85,185.6,19,4,WEATHER,51.92
534,6003,KFE,2026-09-16T19:11:28.000Z,45.0,3.1385365927834745,134.69473413827097,51.92,38.26,191.5,19,4,SPEED,52.97
534,6003,KPTM,2026-09-16T19:15:26.000Z,50.0,0.0918063082280875,123.88075499422446,52.97,38.68,195.4,19,4,WEATHER,63.62
534,6003,ETM,2026-09-16T19:17:43.000Z,50.0,0.4626907665571843,98.37089786305285,63.62,39.37,197.7,19,4,WEATHER,68.49
534,6003,CGV,2026-09-16T19:22:41.000Z,50.0,1.798498213861457,84.11068244883181,68.49,40.16,202.7,19,4,WEATHER,71.62
534,6003,KYJ,2026-09-16T19:32:20.000Z,45.0,7.0850657041089535,44.62218486322503,71.62,40.99,212.3,19,4,SPEED,63.09
534,6003,KPY,2026-09-16T19:42:32.000Z,45.0,7.236707938951499,31.288517296086585,63.09,41.55,222.5,19,4,SPEED,63.09
534,6003,MQO,2026-09-16T19:47:21.000Z,80.0,0.8342149864940323,13.44602920277486,63.09,42.09,227.4,19,4,NONE,57.13
548,6502,MAN,2026-10-27T05:00:00.000Z,80.0,1.1953290338862192,1653.1067944590734,0.0,0.0,0.0,5,3,NONE,1.25
548,6502,MHD,2026-10-27T05:04:29.000Z,45.0,3.026520340453148,1629.8861527817185,1.25,1.25,4.5,5,3,SPEED,12.05
548,6502,KBRV,2026-10-27T05:08:25.000Z,80.0,0.9398102468248942,1599.18466922457,12.05,6.65,8.4,5,3,NONE,9.79
548,6502,BRC,2026-10-27T05:11:24.000Z,50.0,0.3397452262639661,1555.379730675494,9.79,7.7,11.4,5,3,WEATHER,21.65
548,6502,PAO,2026-10-27T05:24:28.000Z,45.0,9.30233303406532,1474.8817936850312,21.65,11.19,24.5,5,3,SPEED,24.88
548,6502,KDSD,2026-10-27T05:28:46.000Z,45.0,2.161635340943926,1448.96966206523,24.88,13.92,28.8,5,3,SPEED,34.46
548,6502,KSE,2026-10-27T05:36:00.000Z,45.0,3.779786574615088,1436.1461235938978,34.46,17.35,36.0,5,3,SPEED,35.88
548,6502,URN,2026-10-27T05:39:33.000Z,80.0,0.0647525743017655,1429.6042879646786,35.88,19.99,39.6,5,3,NONE,34.94
548,6502,UDN,2026-10-27T05:42:11.000Z,50.0,2.096387660273903,1424.30754064438,34.94,21.86,42.2,5,3,WEATHER,39.5
548,6502,BHET,2026-10-27T05:46:43.000Z,80.0,0.4041390103402873,1417.6962714319204,39.5,23.82,46.7,5,3,NONE,36.41
548,6502,SCH,2026-10-27T05:49:31.000Z,50.0,0.1570446506472067,1411.7110747344736,36.41,25.08,49.5,5,3,WEATHER,48.13
548,6502,MRL,2026-10-27T05:59:13.000Z,45.0,5.284003069053764,1410.2103362602736,48.13,27.18,59.2,5,3,SPEED,49.11
548,6502,DGI,2026-10-27T06:02:48.000Z,80.0,0.2682948669220272,1366.6682069944115,49.11,29.0,62.8,6,3,NONE,37.54
548,6502,UVD,2026-10-27T06:12:27.000Z,50.0,5.763602673668211,1346.8004484243752,37.54,29.66,72.5,6,3,WEATHER,43.3
548,6502,UBR,2026-10-27T06:18:33.000Z,50.0,4.904699752282998,1308.052087463523,43.3,30.64,78.6,6,3,WEATHER,54.01
548,6502,KLV,2026-10-27T06:22:57.000Z,50.0,1.9025951973045137,1243.865591011484,54.01,32.19,83.0,6,3,WEATHER,60.29
548,6502,VR,2026-10-27T06:27:04.000Z,80.0,0.0204154573122223,1220.4906543609286,60.29,33.95,87.1,6,3,NONE,53.9
548,6502,KARD,2026-10-27T06:33:23.000Z,50.0,3.409094487644077,1205.1269382102826,53.9,35.12,93.4,6,3,WEATHER,66.42
548,6502,DI,2026-10-27T06:36:59.000Z,45.0,0.2722999904122707,1178.259253417203,66.42,36.86,97.0,6,3,SPEED,64.22
548,6502,THK,2026-10-27T06:40:19.000Z,45.0,1.1367482288809938,1177.7146534365718,64.22,38.3,100.3,6,3,SPEED,64.2
548,6502,ABH,2026-10-27T06:44:55.000Z,50.0,0.2253459286893841,1166.8295320423922,64.2,39.6,104.9,6,3,WEATHER,66.78
548,6502,KAD,2026-10-27T06:52:40.000Z,50.0,5.075765253916065,1114.2901431389075,66.78,40.89,112.7,6,3,WEATHER,68.07
548,6502,PMP,2026-10-27T06:56:29.000Z,80.0,0.5791110329602712,1058.628640391203,68.07,42.13,116.5,6,3,NONE,55.45
548,6502,SVJR,2026-10-27T07:02:16.000Z,45.0,2.2274786756123888,1048.6350391873557,55.45,42.71,122.3,7,3,SPEED,57.98
548,6502,PUNE,2026-10-27T07:05:06.000Z,80.0,0.7819991275501292,1044.8616934609076,57.98,43.34,125.1,7,3,NONE,55.15
548,6502,GPRW,2026-10-27T07:09:35.000Z,80.0,0.128744000704441,1042.2198547392495,55.15,43.81,129.6,7,3,NONE,53.68
548,6502,LONI,2026-10-27T07:11:35.000Z,80.0,1.0086055615554643,1028.7266524270524,53.68,44.19,131.6,7,3,NONE,47.16
548,6502,PAA,2026-10-27T07:17:26.000Z,45.0,3.69671696322626,983.9607532083938,47.16,44.3,137.4,7,3,SPEED,54.35
548,6502,MLM,2026-10-27T07:31:25.000Z,45.0,8.548052729836762,958.5439075789149,54.35,44.66,151.4,7,3,SPEED,51.72
548,6502,TKWD,2026-10-27T07:40:55.000Z,45.0,5.700412401091133,790.2060843248565,51.72,44.91,160.9,7,3,SPEED,48.11
548,6502,HG,2026-10-27T07:45:30.000Z,50.0,2.475637804295182,778.8636593458889,48.11,45.01,165.5,7,3,WEATHER,57.76
548,6502,TVL,2026-10-27T07:49:32.000Z,80.0,1.2903176968821006,758.0193367475557,57.76,45.42,169.5,7,3,NONE,57.92
548,6502,AYB,2026-10-27T08:02:16.000Z,50.0,9.803819919962082,701.3722271170044,57.92,45.81,182.3,8,3,WEATHER,64.17
548,6502,BSRX,2026-10-27T08:10:51.000Z,50.0,5.700499202109016,649.2714503591294,64.17,46.37,190.9,8,3,WEATHER,75.25
548,6502,BENL,2026-10-27T08:18:22.000Z,45.0,3.7014146365018448,635.1815384885666,75.25,47.22,198.4,8,3,SPEED,75.94
548,6502,SII,2026-10-27T08:22:12.000Z,80.0,0.8792279351666225,620.1044685196064,75.94,48.04,202.2,8,3,NONE,73.7
548,6502,LKY,2026-10-27T08:26:04.000Z,50.0,0.0347880026564218,559.177907406102,73.7,48.75,206.1,8,3,WEATHER,76.46
548,6502,JAK,2026-10-27T08:31:57.000Z,45.0,2.2401471886460613,557.6786802637656,76.46,49.5,212.0,8,3,SPEED,70.53
548,6502,KUG,2026-10-27T08:42:15.000Z,45.0,5.576288170205985,467.3463580774078,70.53,50.06,222.3,8,3,SPEED,69.2
548,6502,UBL,2026-10-27T08:47:54.000Z,50.0,4.02723521807102,455.5158521397136,69.2,50.55,227.9,8,3,WEATHER,69.92
548,6502,RNR,2026-10-27T08:54:53.000Z,50.0,4.710680981476039,352.60977493132486,69.92,51.03,234.9,8,3,WEATHER,83.19
548,6502,RRB,2026-10-27T08:59:32.000Z,80.0,0.065423712570893,201.07050634916865,83.19,51.82,239.5,8,3,NONE,68.16
548,6502,BNK,2026-10-27T09:06:56.000Z,45.0,4.657202603865873,131.45127259454506,68.16,52.2,246.9,9,3,SPEED,63.24
548,6502,ARGP,2026-10-27T09:11:32.000Z,50.0,3.598632650573588,120.12147167078088,63.24,52.46,251.5,9,3,WEATHER,71.11
548,6502,AMSA,2026-10-27T09:14:19.000Z,50.0,0.845400767614264,106.7825744846674,71.11,52.88,254.3,9,3,WEATHER,77.73
548,6502,SPGR,2026-10-27T09:18:37.000Z,80.0,1.1781058962310484,101.72184917583422,77.73,53.44,258.6,9,3,NONE,68.03
548,6502,MLSA,2026-10-27T09:30:46.000Z,45.0,7.795706234739433,79.86597611214536,68.03,53.75,270.8,9,3,SPEED,64.0
548,6502,MDLL,2026-10-27T09:35:20.000Z,80.0,0.6939865830299418,37.1698191571006,64.0,53.97,275.3,9,3,NONE,55.48
548,6502,BNKH,2026-10-27T09:39:28.000Z,50.0,2.706423969373174,29.285603361697603,55.48,54.0,279.5,9,3,WEATHER,60.58
522,4727,MDW,2026-09-05T09:00:00.000Z,50.0,0.3090229228720497,1079.9591023138528,0.0,0.0,0.0,9,1,WEATHER,20.07
522,4727,MCPE,2026-09-05T09:10:28.000Z,50.0,7.324240310445864,1054.5344373475205,20.07,20.07,10.5,9,1,WEATHER,36.05
522,4727,KXG,2026-09-05T09:13:15.000Z,50.0,1.7080531784027917,1015.7853058594422,36.05,28.06,13.3,9,1,WEATHER,43.74
522,4727,PPR,2026-09-05T09:21:25.000Z,50.0,5.2158681725570935,989.8737606292752,43.74,33.29,21.4,9,1,WEATHER,48.03
522,4727,BGKT,2026-09-05T09:25:00.000Z,45.0,2.571912013476645,936.781061360715,48.03,36.97,25.0,9,1,SPEED,52.99
522,4727,BWA,2026-09-05T09:31:39.000Z,45.0,4.860307303779903,820.515896464182,52.99,40.18,31.7,9,1,SPEED,47.42
522,4727,KVJ,2026-09-05T09:39:54.000Z,50.0,6.145159825594408,731.196322528041,47.42,41.38,39.9,9,1,WEATHER,56.17
522,4727,BMN,2026-09-05T09:45:08.000Z,50.0,2.122030630081384,692.4483405369128,56.17,43.5,45.1,9,1,WEATHER,61.18
522,4727,SIM,2026-09-05T09:48:16.000Z,80.0,1.1092411796066388,658.3961522944132,61.18,45.71,48.3,9,1,NONE,52.26
522,4727,PNU,2026-09-05T09:54:16.000Z,45.0,4.280986915298612,626.7679229010554,52.26,46.44,54.3,9,1,SPEED,50.87
522,4727,CHP,2026-09-05T09:57:27.000Z,80.0,0.3883384218323504,606.9740702683421,50.87,46.88,57.5,9,1,NONE,50.5
522,4727,SID,2026-09-05T09:59:43.000Z,80.0,0.3625272577452568,593.5887337403902,50.5,47.21,59.7,9,1,NONE,48.35
522,4727,UJA,2026-09-05T10:03:13.000Z,80.0,0.9339825733014976,580.5610615954073,48.35,47.3,63.2,10,1,NONE,41.78
522,4727,DNW,2026-09-05T10:08:17.000Z,50.0,2.531977757513505,537.4351022374468,41.78,46.88,68.3,10,1,WEATHER,53.39
522,4727,PN,2026-09-05T10:11:22.000Z,50.0,1.082394751533157,524.8574753721128,53.39,47.34,71.4,10,1,WEATHER,58.38
522,4727,EN,2026-09-05T10:15:01.000Z,45.0,1.210794172168986,523.3574713654284,58.38,48.08,75.0,10,1,SPEED,51.27
522,4727,CTRL,2026-09-05T10:18:59.000Z,80.0,0.2261555584596521,518.479791710657,51.27,48.28,79.0,10,1,NONE,43.74
522,4727,KLL,2026-09-05T10:21:00.000Z,50.0,0.4644444492842563,514.6166174206614,43.74,48.01,81.0,10,1,WEATHER,52.41
522,4727,SBI,2026-09-05T10:24:36.000Z,45.0,0.2413993025529266,484.6003866538997,52.41,48.26,84.6,10,1,SPEED,60.03
522,4727,KANJ,2026-09-05T10:29:07.000Z,50.0,1.9105952112268372,459.93485166800457,60.03,48.88,89.1,10,1,WEATHER,64.46
522,4727,NEP,2026-09-05T10:31:28.000Z,80.0,1.1602317750955895,456.1770549553778,64.46,49.66,91.5,10,1,NONE,63.15
522,4727,MHD,2026-09-05T10:34:36.000Z,80.0,1.0069441865833206,451.8705116779129,63.15,50.3,94.6,10,1,NONE,54.09
522,4727,UTD,2026-09-05T10:43:02.000Z,45.0,5.208282003464066,433.0186948702622,54.09,50.47,103.0,10,1,SPEED,53.46
522,4727,ADD,2026-09-05T10:47:23.000Z,45.0,3.246583429908398,407.0913822307955,53.46,50.6,107.4,10,1,SPEED,58.84
522,4727,NDR,2026-09-05T10:52:10.000Z,50.0,1.7685121699705706,395.75974674370815,58.84,50.94,112.2,10,1,WEATHER,70.42
522,4727,BRC,2026-09-05T10:56:52.000Z,50.0,3.3775273153705068,382.4214478146647,70.42,51.72,116.9,10,1,WEATHER,75.82
522,4727,PLJ,2026-09-05T11:00:37.000Z,80.0,0.4533900146314165,334.4975512953878,75.82,52.65,120.6,11,1,NONE,65.94
522,4727,CVJ,2026-09-05T11:07:36.000Z,50.0,4.003703173485437,318.25799956372464,65.94,53.14,127.6,11,1,WEATHER,80.04
522,4727,BH,2026-09-05T11:11:11.000Z,80.0,0.1853844599837488,309.13215527474864,80.04,54.1,131.2,11,1,NONE,63.51
522,4727,HAT,2026-09-05T11:13:48.000Z,80.0,0.1754812800091898,285.8573098301748,63.51,54.43,133.8,11,1,NONE,51.39
522,4727,SYN,2026-09-05T11:19:36.000Z,50.0,2.5311850992788782,266.1804757019463,51.39,54.33,139.6,11,1,WEATHER,58.79
522,4727,GTX,2026-09-05T11:24:28.000Z,80.0,0.7638916339743775,261.63022025402626,58.79,54.47,144.5,11,1,NONE,58.69
522,4727,ST,2026-09-05T11:28:38.000Z,45.0,1.7824996581456882,252.08760883411088,58.69,54.6,148.6,11,1,SPEED,53.49
522,4727,ACL,2026-09-05T11:32:33.000Z,80.0,0.6741692382683728,209.34623018468736,53.49,54.57,152.6,11,1,NONE,49.84
522,4727,JRS,2026-09-05T11:37:11.000Z,80.0,0.2619294477618011,195.6924993159021,49.84,54.43,157.2,11,1,NONE,45.59
522,4727,BLD,2026-09-05T11:40:31.000Z,80.0,0.2174746631614826,144.25556463291727,45.59,54.18,160.5,11,1,NONE,40.9
522,4727,BOR,2026-09-05T11:43:20.000Z,50.0,0.0887253442184753,85.74838630283949,40.9,53.81,163.3,11,1,WEATHER,48.05
522,4727,UOI,2026-09-05T11:49:29.000Z,45.0,3.498955482641639,84.25438645210463,48.05,53.65,169.5,11,1,SPEED,46.96
522,4727,VTN,2026-09-05T11:58:14.000Z,45.0,5.795282105892869,58.34550299497104,46.96,53.48,178.2,11,1,SPEED,51.09
522,4727,MIRA,2026-09-05T12:02:15.000Z,80.0,0.8698827766242364,25.32281922863628,51.09,53.41,182.3,12,1,NONE,45.07
522,4727,BVI,2026-09-05T12:04:17.000Z,45.0,0.9067428496781836,19.583012005860382,45.07,53.21,184.3,12,1,SPEED,48.16
522,4727,VLP,2026-09-05T12:07:08.000Z,80.0,0.0891669860920905,4.266345338926942,48.16,53.08,187.1,12,1,NONE,44.32
522,4727,STC,2026-09-05T12:10:47.000Z,80.0,0.8260110468253801,3.0693668409463983,44.32,52.87,190.8,12,1,NONE,36.64
496,2085,JP,2026-09-06T16:00:00.000Z,80.0,1.2666991641330243,193.08537716026623,0.0,0.0,0.0,16,3,NONE,0.96
496,2085,DKBJ,2026-09-06T16:03:53.000Z,80.0,0.1561683951800508,188.56433879736224,0.96,0.96,3.9,16,3,NONE,2.6
496,2085,NDH,2026-09-06T16:06:23.000Z,50.0,0.0612571546705871,180.91975762473024,2.6,1.78,6.4,16,3,WEATHER,21.45
496,2085,SNTH,2026-09-06T16:09:39.000Z,80.0,0.0428393062718157,131.42443827068536,21.45,8.34,9.7,16,3,NONE,19.82
496,2085,BUB,2026-09-06T16:12:31.000Z,50.0,1.8112571577554477,12.547943550409403,19.82,11.21,12.5,16,3,WEATHER,35.85
542,6011,MAS,2026-09-14T17:00:00.000Z,80.0,0.6513339430957434,819.3177234542769,0.0,0.0,0.0,17,6,NONE,2.66
542,6011,VJM,2026-09-14T17:04:47.000Z,80.0,0.5984189646902566,815.5785616525695,2.66,2.66,4.8,17,6,NONE,5.05
542,6011,PCW,2026-09-14T17:09:28.000Z,80.0,1.283400254362178,814.2825231602183,5.05,3.85,9.5,17,6,NONE,6.53
542,6011,PVM,2026-09-14T17:12:46.000Z,45.0,1.2316003197298782,806.3816798533865,6.53,4.75,12.8,17,6,SPEED,14.59
542,6011,NEC,2026-09-14T17:14:52.000Z,45.0,1.571860550943343,793.5498874000358,14.59,7.21,14.9,17,6,SPEED,18.96
542,6011,TRL,2026-09-14T17:17:57.000Z,80.0,0.5458965851785195,778.056773974035,18.96,9.56,18.0,17,6,NONE,19.58
542,6011,KBT,2026-09-14T17:21:47.000Z,80.0,0.0744992265637465,771.7806387571997,19.58,11.23,21.8,17,6,NONE,17.79
542,6011,MAF,2026-09-14T17:26:43.000Z,45.0,2.562387884351683,767.630928543339,17.79,12.17,26.7,17,6,SPEED,21.16
542,6011,TO,2026-09-14T17:30:15.000Z,80.0,1.230079272463008,762.0917644139236,21.16,13.29,30.3,17,6,NONE,19.68
542,6011,PLMG,2026-09-14T17:35:07.000Z,45.0,2.2973354284614627,754.7962264880817,19.68,14.0,35.1,17,6,SPEED,26.68
542,6011,AVN,2026-09-14T17:39:45.000Z,45.0,3.2799594453955976,742.2067773424507,26.68,15.27,39.8,17,6,SPEED,26.64
542,6011,TUG,2026-09-14T17:49:09.000Z,45.0,6.220638821099052,728.8682270371933,26.64,16.3,49.2,17,6,SPEED,32.89
542,6011,LTI,2026-09-14T17:53:10.000Z,80.0,0.308364000520159,682.7446623958949,32.89,17.68,53.2,17,6,NONE,32.34
542,6011,KVN,2026-09-14T18:01:36.000Z,45.0,5.457097214812019,677.2828214834308,32.34,18.81,61.6,18,6,SPEED,35.52
542,6011,PCKM,2026-09-14T18:04:13.000Z,80.0,1.0034752715123751,645.3845772546548,35.52,20.01,64.2,18,6,NONE,29.81
542,6011,AB,2026-09-14T18:07:11.000Z,50.0,1.5657368847007502,640.0451376977495,29.81,20.66,67.2,18,6,WEATHER,48.6
542,6011,KEY,2026-09-14T18:09:50.000Z,50.0,0.2543821109825178,589.309196713966,48.6,22.41,69.8,18,6,WEATHER,57.39
542,6011,MAP,2026-09-14T18:19:49.000Z,45.0,6.947864030712748,561.0396837558567,57.39,24.46,79.8,18,6,SPEED,56.45
542,6011,BDY,2026-09-14T18:21:59.000Z,80.0,1.101704900152648,542.6590665491555,56.45,26.24,82.0,18,6,NONE,52.75
542,6011,MGSJ,2026-09-14T18:26:39.000Z,45.0,3.075699668162076,496.37168136964107,52.75,27.64,86.7,18,6,SPEED,49.06
542,6011,SA,2026-09-14T18:31:34.000Z,80.0,0.2815453337403679,490.2734405620453,49.06,28.71,91.6,18,6,NONE,46.14
542,6011,MVPM,2026-09-14T18:35:15.000Z,50.0,2.0691918476400093,459.11872706349885,46.14,29.54,95.3,18,6,WEATHER,59.0
542,6011,SGE,2026-09-14T18:39:51.000Z,80.0,1.0841307948576713,453.12006668590254,59.0,30.88,99.9,18,6,NONE,55.33
542,6011,TPM,2026-09-14T18:42:34.000Z,80.0,1.1059512076671896,426.4098328965462,55.33,31.94,102.6,18,6,NONE,45.79
542,6011,PY,2026-09-14T18:48:04.000Z,50.0,2.327728107394209,420.3582086250773,45.79,32.52,108.1,18,6,WEATHER,53.27
542,6011,KUY,2026-09-14T18:54:50.000Z,50.0,5.223372353216464,394.1882870629974,53.27,33.35,114.8,18,6,WEATHER,63.21
542,6011,VNJ,2026-09-14T19:04:18.000Z,50.0,7.47648889251326,381.6118368233068,63.21,34.49,124.3,19,6,WEATHER,63.74
542,6011,IGU,2026-09-14T19:12:18.000Z,50.0,5.623752472713457,355.4552060324016,63.74,35.58,132.3,19,6,WEATHER,79.0
542,6011,SHI,2026-09-14T19:15:58.000Z,80.0,1.1785907222118162,347.7363799238878,79.0,37.13,136.0,19,6,NONE,75.17
542,6011,CBF,2026-09-14T19:23:33.000Z,45.0,4.881547407315703,341.37718658793153,75.17,38.44,143.6,19,6,SPEED,67.63
542,6011,MDKI,2026-09-14T19:35:44.000Z,45.0,8.106733827152743,328.53599760722074,67.63,39.41,155.7,19,6,SPEED,65.48
542,6011,WRA,2026-09-14T19:37:44.000Z,80.0,0.1284671446446639,306.880122848828,65.48,40.25,157.7,19,6,NONE,64.44
542,6011,MNUR,2026-09-14T19:45:53.000Z,50.0,5.510434867757404,252.5404535757345,64.44,41.01,165.9,19,6,WEATHER,62.54
542,6011,NYI,2026-09-14T19:52:09.000Z,45.0,3.286788167820814,199.70835022810536,62.54,41.66,172.2,19,6,SPEED,67.36
542,6011,DINR,2026-09-14T19:56:04.000Z,80.0,0.9256104541662746,182.8895787957028,67.36,42.42,176.1,19,6,NONE,62.73
542,6011,AFK,2026-09-14T20:02:03.000Z,45.0,4.079877613038487,173.5425566230355,62.73,43.0,182.1,20,6,SPEED,73.41
542,6011,ERN,2026-09-14T20:09:44.000Z,50.0,3.991395109120513,149.13026818394795,73.41,43.84,189.7,20,6,WEATHER,82.3
542,6011,ERS,2026-09-14T20:13:08.000Z,80.0,0.3392405971641048,142.9767544506384,82.3,44.88,193.1,20,6,NONE,76.97
542,6011,KFE,2026-09-14T20:20:11.000Z,45.0,3.241660474364771,134.79785801985224,76.97,45.73,200.2,20,6,SPEED,77.81
542,6011,KDTY,2026-09-14T20:23:40.000Z,50.0,1.852989855214209,110.38027425530544,77.81,46.55,203.7,20,6,WEATHER,82.43
542,6011,KYJ,2026-09-14T20:34:17.000Z,45.0,7.186522118727432,44.72364127784351,82.43,47.45,214.3,20,6,SPEED,79.07
542,6011,KPY,2026-09-14T20:46:14.000Z,45.0,7.337624021626898,31.389433378761986,79.07,48.22,226.2,20,6,SPEED,79.75
542,6011,MQO,2026-09-14T20:48:58.000Z,80.0,0.7172984828595131,13.329112699140342,79.75,48.97,229.0,20,6,NONE,65.78
519,4602,UHP,2026-10-14T14:00:00.000Z,80.0,0.9179955676590464,46.76840359108199,0.0,0.0,0.0,14,5,NONE,0.95
519,4602,RMJK,2026-10-14T14:04:50.000Z,80.0,0.1402921951453113,38.9176600819082,0.95,0.95,4.8,14,5,NONE,1.62
537,6006,QLN,2026-09-26T19:00:00.000Z,80.0,0.734006987894173,819.4003964990751,0.0,0.0,0.0,19,2,NONE,3.03
537,6006,PRND,2026-09-26T19:03:39.000Z,80.0,1.0734049841279911,812.4445311270856,3.03,3.03,3.7,19,2,NONE,4.64
537,6006,STKT,2026-09-26T19:05:56.000Z,80.0,0.6949810714422012,802.3609140523733,4.64,3.84,5.9,19,2,NONE,7.62
537,6006,OCR,2026-09-26T19:15:10.000Z,45.0,6.5411542502165165,793.4615498467949,7.62,5.1,15.2,19,2,SPEED,20.25
537,6006,MVLK,2026-09-26T19:26:45.000Z,45.0,7.025297176978112,780.8771347316998,20.25,8.89,26.8,19,2,SPEED,29.1
537,6006,CYN,2026-09-26T19:31:01.000Z,50.0,0.9137419836882528,769.0491184986955,29.1,12.93,31.0,19,2,WEATHER,43.72
537,6006,CNGR,2026-09-26T19:38:26.000Z,45.0,5.162970371616103,767.5472576704093,43.72,18.06,38.4,19,2,SPEED,49.08
537,6006,CGY,2026-09-26T19:41:29.000Z,80.0,1.0565247584768933,747.4896400803406,49.08,22.49,41.5,19,2,NONE,39.64
537,6006,KFQ,2026-09-26T19:45:52.000Z,45.0,1.2652520857981624,728.7546395016398,39.64,24.63,45.9,19,2,SPEED,40.52
537,6006,KDTY,2026-09-26T19:47:58.000Z,80.0,0.8848071956443551,711.0239123067336,40.52,26.4,48.0,19,2,NONE,33.96
537,6006,TRTR,2026-09-26T19:50:40.000Z,80.0,1.1389508178152603,684.3031402518475,33.96,27.16,50.7,19,2,NONE,31.58
537,6006,ERN,2026-09-26T19:54:42.000Z,80.0,0.3595035241671976,673.8870199605203,31.58,27.56,54.7,19,2,NONE,29.62
537,6006,KLMR,2026-09-26T19:58:46.000Z,50.0,1.153968147313478,665.36207928469,29.62,27.73,58.8,19,2,WEATHER,42.21
537,6006,AFK,2026-09-26T20:05:18.000Z,50.0,3.575219423825125,652.7789299250087,42.21,28.84,65.3,20,2,WEATHER,54.81
537,6006,KUC,2026-09-26T20:08:23.000Z,80.0,1.2133675918705409,645.7086988714202,54.81,30.7,68.4,20,2,NONE,44.17
537,6006,CKI,2026-09-26T20:12:47.000Z,80.0,1.167149000901886,635.4521990594714,44.17,31.6,72.8,20,2,NONE,35.45
537,6006,MGK,2026-09-26T20:20:10.000Z,50.0,3.673751793906447,601.208681063522,35.45,31.84,80.2,20,2,WEATHER,46.06
537,6006,WKI,2026-09-26T20:24:03.000Z,80.0,0.553129278787998,591.4803855961692,46.06,32.67,84.1,20,2,NONE,41.82
537,6006,MNUR,2026-09-26T20:30:48.000Z,50.0,3.648413806347477,575.284784609551,41.82,33.18,90.8,20,2,WEATHER,52.02
537,6006,LDY,2026-09-26T20:34:33.000Z,45.0,2.607831785319414,560.9642634909513,52.02,34.17,94.6,20,2,SPEED,49.42
537,6006,MNY,2026-09-26T20:37:06.000Z,50.0,0.0969195392587034,550.9863499081154,49.42,34.94,97.1,20,2,WEATHER,56.41
537,6006,PLMD,2026-09-26T20:39:32.000Z,80.0,0.2065348198091605,477.2205478695345,56.41,35.96,99.5,20,2,NONE,45.56
537,6006,KUY,2026-09-26T20:43:21.000Z,50.0,3.1716847178233856,432.8731595192233,45.56,36.4,103.4,20,2,WEATHER,62.39
537,6006,UKL,2026-09-26T20:45:43.000Z,80.0,0.2828057990745431,423.3679035104293,62.39,37.53,105.7,20,2,NONE,60.42
537,6006,PY,2026-09-26T20:53:06.000Z,45.0,5.331641701321897,405.9675506948197,60.42,38.48,113.1,20,2,SPEED,58.27
537,6006,CV,2026-09-26T20:55:07.000Z,50.0,0.195284619249208,382.7662826488986,58.27,39.27,115.1,20,2,WEATHER,68.65
537,6006,SGE,2026-09-26T20:58:46.000Z,50.0,2.08895287843493,368.7194064985708,68.65,40.4,118.8,20,2,WEATHER,74.97
537,6006,MGSJ,2026-09-26T21:04:59.000Z,45.0,3.094520600641573,328.46492841034336,74.97,41.68,125.0,21,2,SPEED,75.63
537,6006,TNGR,2026-09-26T21:07:46.000Z,80.0,0.1196770130993493,270.7159064976408,75.63,42.89,127.8,21,2,NONE,63.03
537,6006,DPI,2026-09-26T21:16:42.000Z,45.0,6.3152722068994445,263.81370896719,63.03,43.59,136.7,21,2,SPEED,68.83
537,6006,JTJ,2026-09-26T21:21:25.000Z,50.0,2.359841861815676,213.74379438742292,68.83,44.43,141.4,21,2,WEATHER,79.19
537,6006,KDY,2026-09-26T21:25:50.000Z,80.0,1.1540454615513165,205.21068325630665,79.19,45.55,145.8,21,2,NONE,67.25
537,6006,VGM,2026-09-26T21:28:58.000Z,50.0,0.0442174749132115,187.80717877984856,67.25,46.23,149.0,21,2,WEATHER,69.11
537,6006,AB,2026-09-26T21:39:25.000Z,45.0,6.116020826950225,186.3030095250824,69.11,46.92,159.4,21,2,SPEED,70.43
537,6006,MPI,2026-09-26T21:48:05.000Z,45.0,5.129620135008779,173.47348758367144,70.43,47.61,168.1,21,2,SPEED,69.21
537,6006,THL,2026-09-26T21:56:11.000Z,45.0,5.507614053336634,122.14342812322812,69.21,48.23,176.2,21,2,SPEED,64.06
537,6006,SHU,2026-09-26T22:07:12.000Z,45.0,6.39058349578723,95.9730135976861,64.06,48.67,187.2,22,2,SPEED,57.93
537,6006,PLMG,2026-09-26T22:11:30.000Z,80.0,0.099401043489683,66.26689949505058,57.93,48.92,191.5,22,2,NONE,49.74
537,6006,MAF,2026-09-26T22:16:41.000Z,45.0,3.6411182459103215,57.23896709810416,49.74,48.94,196.7,22,2,SPEED,43.1
537,6006,TRL,2026-09-26T22:18:57.000Z,80.0,0.5048364153503101,41.66034853767494,43.1,48.79,199.0,22,2,NONE,37.92
537,6006,TI,2026-09-26T22:22:30.000Z,45.0,2.6263676956255635,31.32405632326017,37.92,48.52,202.5,22,2,SPEED,38.62
537,6006,ANNR,2026-09-26T22:27:58.000Z,50.0,2.1315212427539065,19.978391930884325,38.62,48.28,208.0,22,2,WEATHER,47.68
537,6006,VLK,2026-09-26T22:30:34.000Z,50.0,0.5203972656358016,9.352185645904948,47.68,48.27,210.6,22,2,WEATHER,60.83
533,6002,STKT,2026-10-02T05:00:00.000Z,80.0,0.7500242007656202,802.4159571816967,0.0,0.0,0.0,5,3,NONE,1.21
533,6002,OCR,2026-10-02T05:09:16.000Z,45.0,6.486112337027996,793.4065079336065,1.21,1.21,9.3,5,3,SPEED,10.97
533,6002,MVLK,2026-10-02T05:21:25.000Z,45.0,6.969629501216649,780.8214670559383,10.97,6.09,21.4,5,3,SPEED,18.11
533,6002,CNGR,2026-10-02T05:29:27.000Z,45.0,5.10717813680972,767.4914654356029,18.11,10.09,29.5,5,3,SPEED,24.58
533,6002,KFQ,2026-10-02T05:31:30.000Z,45.0,1.2095437524903212,728.6989311683319,24.58,13.71,31.5,5,3,SPEED,31.43
533,6002,ETM,2026-10-02T05:34:39.000Z,80.0,0.0485856371101113,720.806768051795,31.43,17.26,34.7,5,3,NONE,29.76
533,6002,PVRD,2026-10-02T05:39:05.000Z,50.0,3.076308038196778,704.0379994980013,29.76,19.34,39.1,5,3,WEATHER,38.49
533,6002,KPTM,2026-10-02T05:41:54.000Z,80.0,0.9108111503170944,695.7882519755011,38.49,22.08,41.9,5,3,NONE,35.23
533,6002,KFE,2026-10-02T05:45:10.000Z,80.0,1.1446084039319826,688.254800369625,35.23,23.72,45.2,5,3,NONE,32.38
533,6002,ERN,2026-10-02T05:48:26.000Z,80.0,0.4122537376883669,673.9397701740414,32.38,24.68,48.4,5,3,NONE,31.53
533,6002,AWY,2026-10-02T05:52:55.000Z,80.0,0.228888006526286,658.3522882333667,31.53,25.37,52.9,5,3,NONE,30.06
533,6002,IJK,2026-10-02T05:57:17.000Z,50.0,0.7676820012221608,628.9259197109405,30.06,25.8,57.3,5,3,WEATHER,34.95
533,6002,VTK,2026-10-02T06:02:06.000Z,80.0,0.116051987373768,580.6435346978227,34.95,26.56,62.1,6,3,NONE,31.65
533,6002,LDY,2026-10-02T06:08:26.000Z,45.0,2.554081766094816,560.9105134717267,31.65,26.95,68.4,6,3,SPEED,35.22
533,6002,ETMD,2026-10-02T06:19:03.000Z,50.0,7.091434143747276,510.3341600351516,35.22,27.54,79.1,6,3,WEATHER,37.16
533,6002,CBF,2026-10-02T06:25:20.000Z,50.0,2.7503887482916425,484.9211390788567,37.16,28.18,85.3,6,3,WEATHER,42.72
533,6002,SUU,2026-10-02T06:28:30.000Z,80.0,0.9750683152368386,463.43581702975297,42.72,29.09,88.5,6,3,NONE,36.27
533,6002,PY,2026-10-02T06:36:53.000Z,45.0,4.510411988034982,405.1463209815327,36.27,29.51,96.9,6,3,SPEED,36.72
533,6002,ED,2026-10-02T06:46:02.000Z,50.0,6.113922251641821,393.3010122696813,36.72,29.91,106.0,6,3,WEATHER,46.62
533,6002,MVPM,2026-10-02T06:54:43.000Z,45.0,4.780529806855895,366.39738410217785,46.62,30.79,114.7,6,3,SPEED,47.6
533,6002,MGSJ,2026-10-02T06:59:08.000Z,45.0,2.269846681399981,327.64025449110176,47.6,31.63,119.1,6,3,SPEED,52.3
533,6002,KPPR,2026-10-02T07:04:06.000Z,80.0,1.2186689900775751,323.4182676756694,52.3,32.62,124.1,7,3,NONE,46.69
533,6002,DSPT,2026-10-02T07:08:32.000Z,50.0,0.728395749912962,306.3520386833561,46.69,33.26,128.5,7,3,WEATHER,48.93
533,6002,MAP,2026-10-02T07:12:11.000Z,50.0,0.0264308130168367,264.6010005990537,48.93,33.94,132.2,7,3,WEATHER,59.36
533,6002,SLY,2026-10-02T07:24:50.000Z,45.0,8.199625536494912,249.38892458893,59.36,35.0,144.8,7,3,SPEED,62.48
533,6002,KEY,2026-10-02T07:29:12.000Z,80.0,0.7932163895840758,230.40479129778132,62.48,36.1,149.2,7,3,NONE,56.21
533,6002,KDY,2026-10-02T07:38:31.000Z,45.0,6.595292643228235,210.6519304379836,56.21,36.87,158.5,7,3,SPEED,64.52
533,6002,VN,2026-10-02T07:42:05.000Z,50.0,2.6854285248304337,198.7993461145708,64.52,37.89,162.1,7,3,WEATHER,65.41
533,6002,VJ,2026-10-02T07:49:57.000Z,45.0,5.302156328888906,145.97041309671386,65.41,38.88,170.0,7,3,SPEED,57.89
533,6002,NEC,2026-10-02T07:52:51.000Z,80.0,0.9522205834970928,27.64058324558595,57.89,39.53,172.9,7,3,NONE,54.78
533,6002,TMVL,2026-10-02T07:55:15.000Z,45.0,0.1569440534982019,16.887222972881492,54.78,40.04,175.3,7,3,SPEED,52.88
533,6002,VJM,2026-10-02T07:59:58.000Z,45.0,0.6174751377185468,4.303721961020536,52.88,40.46,180.0,7,3,SPEED,60.44
532,6001,BBQ,2026-09-21T21:00:00.000Z,80.0,1.1031278146599277,817.7733078745076,0.0,0.0,0.0,21,0,NONE,1.95
532,6001,PVM,2026-09-21T21:03:22.000Z,45.0,1.077183548499117,806.2272630821557,1.95,1.95,3.4,21,0,SPEED,9.77
532,6001,PAB,2026-09-21T21:07:10.000Z,45.0,0.069925272444333,794.2348894160615,9.77,5.86,7.2,21,0,SPEED,18.16
532,6001,NEC,2026-09-21T21:11:07.000Z,80.0,0.4058053701461072,792.3838322192386,18.16,9.96,11.1,21,0,NONE,20.04
532,6001,EGT,2026-09-21T21:15:32.000Z,80.0,0.5425718851722593,774.7329968577488,20.04,12.48,15.5,21,0,NONE,17.92
532,6001,MAF,2026-09-21T21:21:50.000Z,45.0,3.252098286387909,768.3206389453752,17.92,13.57,21.8,21,0,SPEED,21.1
532,6001,PLMG,2026-09-21T21:28:07.000Z,45.0,2.9823755740479503,755.4812666336682,21.1,14.82,28.1,21,0,SPEED,30.94
532,6001,THL,2026-09-21T21:32:10.000Z,50.0,3.092278555961443,705.122853997251,30.94,17.13,32.2,21,0,WEATHER,40.39
532,6001,LTI,2026-09-21T21:36:40.000Z,80.0,0.1346157540478069,682.5709141494226,40.39,20.03,36.7,21,0,NONE,40.04
532,6001,KVN,2026-09-21T21:44:22.000Z,45.0,5.629177232816318,677.4549015014351,40.04,22.26,44.4,21,0,SPEED,48.61
532,6001,VGM,2026-09-21T21:48:17.000Z,80.0,0.1716545289281348,631.0750827351737,48.61,24.89,48.3,21,0,NONE,47.77
532,6001,TPT,2026-09-21T21:51:37.000Z,50.0,1.4214558242101465,601.4866063138467,47.77,26.97,51.6,21,0,WEATHER,55.21
532,6001,KEY,2026-09-21T21:54:59.000Z,50.0,0.0639247505011147,589.1187393534847,55.21,29.32,55.0,21,0,WEATHER,62.13
532,6001,SLY,2026-09-21T21:57:07.000Z,50.0,0.2413997818477048,577.7184902405934,62.13,31.85,57.1,21,0,WEATHER,69.64
532,6001,BQI,2026-09-21T22:03:32.000Z,50.0,5.11223206789942,536.8351622550903,69.64,34.55,63.5,22,0,WEATHER,75.28
532,6001,MGSJ,2026-09-21T22:07:24.000Z,45.0,2.6979919793293896,495.9939736808084,75.28,37.26,67.4,22,0,SPEED,68.97
532,6001,VRPD,2026-09-21T22:11:35.000Z,45.0,2.9516689204162705,483.15939002776577,68.97,39.24,71.6,22,0,SPEED,63.39
532,6001,SGE,2026-09-21T22:14:25.000Z,80.0,0.1365822022794101,452.1725180933242,63.39,40.67,74.4,22,0,NONE,56.85
532,6001,TPM,2026-09-21T22:22:39.000Z,45.0,5.749397442146817,431.0532791310259,56.85,41.56,82.7,22,0,SPEED,58.09
532,6001,IGR,2026-09-21T22:31:54.000Z,45.0,5.190321497876721,417.7177325919944,58.09,42.43,91.9,22,0,SPEED,65.66
532,6001,UKL,2026-09-21T22:35:44.000Z,80.0,0.0325266250153204,395.61381842484144,65.66,43.6,95.7,22,0,NONE,56.97
532,6001,SUU,2026-09-21T22:39:33.000Z,50.0,0.2302012897217492,356.4358420863865,56.97,44.23,99.6,22,0,WEATHER,72.27
532,6001,IGU,2026-09-21T22:45:38.000Z,50.0,4.47152771369028,354.3029812733784,72.27,45.51,105.6,22,0,WEATHER,75.75
532,6001,PLMD,2026-09-21T22:49:43.000Z,50.0,0.0713861347557057,341.72376259621126,75.75,46.82,109.7,22,0,WEATHER,85.92
532,6001,CBF,2026-09-21T22:57:21.000Z,45.0,3.731896742816068,340.2275359234319,85.92,48.45,117.4,22,0,SPEED,88.89
532,6001,CBE,2026-09-21T23:01:24.000Z,80.0,0.1356427659376656,333.827469186879,88.89,50.07,121.4,23,0,NONE,74.15
532,6001,WRA,2026-09-21T23:15:05.000Z,45.0,8.054595048786348,314.8062507529696,74.15,50.99,135.1,23,0,SPEED,67.35
532,6001,PLL,2026-09-21T23:18:31.000Z,50.0,1.7992599683381207,276.7955185330308,67.35,51.6,138.5,23,0,WEATHER,75.79
532,6001,MNY,2026-09-21T23:22:48.000Z,80.0,0.4840985685302933,268.26105771085423,75.79,52.46,142.8,23,0,NONE,61.96
532,6001,VTK,2026-09-21T23:26:17.000Z,50.0,0.0017672807850236,238.14067408151672,61.96,52.79,146.3,23,0,WEATHER,67.4
532,6001,MUC,2026-09-21T23:30:01.000Z,50.0,2.210940023294365,237.3067258447359,67.4,53.28,150.0,23,0,WEATHER,61.64
532,6001,IJK,2026-09-21T23:33:40.000Z,80.0,0.7131588528101241,191.22131065427232,61.64,53.55,153.7,23,0,NONE,57.11
532,6001,CWR,2026-09-21T23:36:09.000Z,80.0,0.1767393243775453,163.9774949605003,57.11,53.66,156.2,23,0,NONE,52.36
532,6001,AWY,2026-09-21T23:40:15.000Z,50.0,0.7500447270251623,161.29303401136525,52.36,53.62,160.3,23,0,WEATHER,59.05
532,6001,ERS,2026-09-21T23:43:11.000Z,80.0,0.9147694258622336,143.5522832793365,59.05,53.78,163.2,23,0,NONE,52.14
532,6001,MNTT,2026-09-21T23:47:40.000Z,80.0,1.1830832013128936,129.9192761698343,52.14,53.73,167.7,23,0,NONE,47.38
532,6001,KPTM,2026-09-21T23:52:01.000Z,80.0,0.2405101849626083,124.02945887095898,47.38,53.56,172.0,23,0,NONE,41.76
532,6001,CGY,2026-09-22T00:06:02.000Z,50.0,10.065157094555918,82.29843128387283,41.76,53.24,186.0,0,0,WEATHER,49.72
532,6001,CYN,2026-09-22T00:13:42.000Z,45.0,4.861886268220478,55.39289926439387,49.72,53.15,193.7,0,0,SPEED,48.67
532,6001,OCR,2026-09-22T00:17:20.000Z,50.0,0.7647249470477055,32.51071886165008,48.67,53.03,197.3,0,0,WEATHER,49.82
532,6001,STKT,2026-09-22T00:22:09.000Z,50.0,1.133214766051192,18.13367129630086,49.82,52.95,202.2,0,0,WEATHER,50.97
532,6001,MQO,2026-09-22T00:27:53.000Z,45.0,4.022577137331655,16.634391353612482,50.97,52.9,207.9,0,0,SPEED,53.96
538,6007,PCW,2026-09-02T01:00:00.000Z,80.0,0.0194000840948272,813.018522989951,0.0,0.0,0.0,1,6,NONE,0.18
538,6007,PVM,2026-09-02T01:04:28.000Z,45.0,1.165433598757754,806.3155131324143,0.18,0.18,4.5,1,6,SPEED,10.04
538,6007,NEC,2026-09-02T01:06:35.000Z,45.0,1.500027078789962,793.4780539278823,10.04,5.11,6.6,1,6,SPEED,17.37
538,6007,EGT,2026-09-02T01:10:12.000Z,80.0,1.3001111335582554,775.4905361061349,17.37,9.2,10.2,1,6,NONE,16.5
538,6007,MAF,2026-09-02T01:15:30.000Z,45.0,2.4945544111895264,767.5630950701768,16.5,11.02,15.5,1,6,SPEED,23.77
538,6007,TO,2026-09-02T01:18:17.000Z,80.0,1.3045789629696067,762.1662641044302,23.77,13.57,18.3,1,6,NONE,19.92
538,6007,PLMG,2026-09-02T01:21:28.000Z,45.0,2.226210517737872,754.7251015773581,19.92,14.63,21.5,1,6,SPEED,25.31
538,6007,AVN,2026-09-02T01:27:07.000Z,45.0,3.188544424156691,742.1153623212117,25.31,16.16,27.1,1,6,SPEED,30.15
538,6007,TUG,2026-09-02T01:36:13.000Z,45.0,6.121640647709863,728.7692288638041,30.15,17.9,36.2,1,6,SPEED,33.14
538,6007,MCN,2026-09-02T01:40:53.000Z,80.0,0.1282453423334561,706.8640475862144,33.14,19.6,40.9,1,6,NONE,27.46
538,6007,LTI,2026-09-02T01:53:50.000Z,45.0,7.59754971897874,690.0338481143535,27.46,20.38,53.8,1,6,SPEED,26.91
538,6007,KVN,2026-09-02T02:01:25.000Z,45.0,5.370223800295364,677.195948068914,26.91,20.98,61.4,2,6,SPEED,25.28
538,6007,GYM,2026-09-02T02:04:10.000Z,50.0,0.5605412698843418,666.4991127753698,25.28,21.34,64.2,2,6,WEATHER,35.81
538,6007,VGM,2026-09-02T02:14:16.000Z,45.0,7.55854532749067,638.4619735337362,35.81,22.45,74.3,2,6,SPEED,38.46
538,6007,KDY,2026-09-02T02:17:16.000Z,50.0,0.5584032918516739,615.1681550082773,38.46,23.59,77.3,2,6,WEATHER,40.21
538,6007,KEY,2026-09-02T02:21:06.000Z,50.0,0.326840091510256,589.3816546944938,40.21,24.7,81.1,2,6,WEATHER,56.55
538,6007,SLY,2026-09-02T02:23:26.000Z,50.0,0.506556666234128,577.9836471249798,56.55,26.69,83.4,2,6,WEATHER,66.96
538,6007,MAP,2026-09-02T02:33:33.000Z,45.0,6.888615189334327,560.9804349144783,66.96,29.06,93.6,2,6,SPEED,58.32
538,6007,BDY,2026-09-02T02:35:48.000Z,80.0,1.158993910947175,542.71635555995,58.32,30.69,95.8,2,6,NONE,54.83
538,6007,MGSJ,2026-09-02T02:41:37.000Z,45.0,3.023449768474761,496.31943146995377,54.83,31.96,101.6,2,6,SPEED,52.13
538,6007,SGE,2026-09-02T02:44:26.000Z,80.0,1.1377541320845714,453.17369002312944,52.13,32.97,104.4,2,6,NONE,42.94
538,6007,CV,2026-09-02T02:47:01.000Z,80.0,0.7006936979720398,436.79608517950345,42.94,33.44,107.0,2,6,NONE,33.95
538,6007,IGR,2026-09-02T02:51:26.000Z,80.0,0.3779231290310433,412.9053342231487,33.95,33.46,111.4,2,6,NONE,30.99
538,6007,UKL,2026-09-02T02:55:44.000Z,50.0,0.5959328376309927,396.17722463745713,30.99,33.36,115.7,2,6,WEATHER,41.18
538,6007,CBF,2026-09-02T03:04:55.000Z,45.0,4.8289650382805815,341.3246042188964,41.18,33.68,124.9,3,6,SPEED,43.29
538,6007,MDKI,2026-09-02T03:16:07.000Z,45.0,8.055943719192696,328.4852074992607,43.29,34.07,136.1,3,6,SPEED,39.92
538,6007,WRA,2026-09-02T03:20:59.000Z,80.0,0.1799225734549776,306.93157827763827,39.92,34.29,141.0,3,6,NONE,32.71
538,6007,PGT,2026-09-02T03:30:06.000Z,50.0,7.221764349787493,291.23155033057424,32.71,34.23,150.1,3,6,WEATHER,42.25
538,6007,PLPM,2026-09-02T03:34:33.000Z,80.0,0.5343799526549134,256.9019755400432,42.25,34.52,154.6,3,6,NONE,35.03
538,6007,MGK,2026-09-02T03:42:06.000Z,50.0,5.4643230995027965,226.5957833410677,35.03,34.54,162.1,3,6,WEATHER,41.67
538,6007,OLR,2026-09-02T03:45:33.000Z,80.0,0.7861804599413444,207.1641348697443,41.67,34.77,165.6,3,6,NONE,40.27
538,6007,PUK,2026-09-02T03:49:46.000Z,50.0,0.4476604226274528,200.41218686879776,40.27,34.95,169.8,3,6,WEATHER,47.71
538,6007,NYI,2026-09-02T03:56:40.000Z,45.0,3.239496900515198,199.66105896079972,47.71,35.35,176.7,3,6,SPEED,42.54
538,6007,AFK,2026-09-02T04:02:51.000Z,45.0,4.030377642267623,173.49305665226464,42.54,35.57,182.9,4,6,SPEED,41.36
538,6007,ERS,2026-09-02T04:07:46.000Z,80.0,0.3871144333934097,143.02462828686768,41.36,35.74,187.8,4,6,NONE,34.95
538,6007,KFE,2026-09-02T04:12:38.000Z,45.0,3.1931193459600613,134.7493168914475,34.95,35.72,192.6,4,6,SPEED,32.22
538,6007,KDTY,2026-09-02T04:16:28.000Z,50.0,1.8058649660626795,110.3331493661539,32.22,35.62,196.5,4,6,WEATHER,43.6
538,6007,KRPP,2026-09-02T04:18:54.000Z,80.0,0.5935205186443061,106.01273431751471,43.6,35.84,198.9,4,6,NONE,37.25
538,6007,KYJ,2026-09-02T04:30:04.000Z,45.0,7.140606327316701,44.67772548643278,37.25,35.87,210.1,4,6,SPEED,40.68
538,6007,KPY,2026-09-02T04:42:17.000Z,45.0,7.292874282708307,31.344683639843392,40.68,36.0,222.3,4,6,SPEED,42.11
538,6007,MQO,2026-09-02T04:47:00.000Z,80.0,0.7756734001917345,13.387487616472562,42.11,36.15,227.0,4,6,NONE,41.09
535,6004,PRND,2026-09-30T13:00:00.000Z,80.0,1.1027383515712483,812.4738644945288,0.0,0.0,0.0,13,1,NONE,1.68
535,6004,STKT,2026-09-30T13:02:03.000Z,80.0,0.7240235134262482,802.3899564943574,1.68,1.68,2.1,13,1,NONE,2.68
535,6004,OCR,2026-09-30T13:12:27.000Z,45.0,6.511737451166026,793.4321330477445,2.68,2.18,12.5,13,1,SPEED,11.73
535,6004,MVLK,2026-09-30T13:23:18.000Z,45.0,6.995921642403959,780.8477591971257,11.73,5.36,23.3,13,1,SPEED,13.24
535,6004,CNGR,2026-09-30T13:30:49.000Z,45.0,5.133470069465133,767.5177573682582,13.24,7.33,30.8,13,1,SPEED,18.14
535,6004,CGY,2026-09-30T13:33:43.000Z,80.0,1.087691614110098,747.5208069359737,18.14,9.49,33.7,13,1,NONE,16.05
535,6004,KTYM,2026-09-30T13:37:56.000Z,50.0,0.1871397253751057,730.230014331499,16.05,10.59,37.9,13,1,WEATHER,26.21
535,6004,KFQ,2026-09-30T13:41:03.000Z,45.0,1.235377085807321,728.7247645016489,26.21,12.82,41.1,13,1,SPEED,25.1
535,6004,KPTM,2026-09-30T13:45:15.000Z,80.0,0.8854776033449668,695.762918428529,25.1,14.35,45.3,13,1,NONE,23.22
535,6004,KFE,2026-09-30T13:48:01.000Z,80.0,1.119566549583801,688.2297585152767,23.22,15.34,48.0,13,1,NONE,22.32
535,6004,CKI,2026-09-30T13:50:25.000Z,80.0,1.1933161805483974,635.4783662391179,22.32,16.04,50.4,13,1,NONE,19.15
535,6004,PUK,2026-09-30T13:53:18.000Z,80.0,0.8579003778200717,619.5597634428303,19.15,16.32,53.3,13,1,NONE,18.82
535,6004,OLR,2026-09-30T13:56:15.000Z,50.0,1.7213538490509743,614.0097889504285,18.82,16.53,56.3,13,1,WEATHER,37.44
535,6004,WKI,2026-09-30T13:59:50.000Z,80.0,0.5768381014841059,591.5040944188653,37.44,18.14,59.8,13,1,NONE,30.75
535,6004,LDY,2026-09-30T14:03:25.000Z,45.0,2.5846651101586504,560.9410968157905,30.75,19.04,63.4,14,1,SPEED,30.18
535,6004,PLMD,2026-09-30T14:06:45.000Z,80.0,0.2184511902115337,477.23246423993686,30.18,19.78,66.8,14,1,NONE,26.13
535,6004,IGU,2026-09-30T14:12:12.000Z,50.0,2.787283947686028,471.6222198991789,26.13,20.18,72.2,14,1,WEATHER,42.01
535,6004,SUU,2026-09-30T14:15:01.000Z,80.0,0.9358168154629244,463.3965655299791,42.01,21.46,75.0,14,1,NONE,38.68
535,6004,VNJ,2026-09-30T14:17:22.000Z,50.0,1.6642859479369896,446.1953275283242,38.68,22.42,77.4,14,1,WEATHER,50.85
535,6004,TUP,2026-09-30T14:20:46.000Z,80.0,0.8810694542569312,437.1212488692821,50.85,23.91,80.8,14,1,NONE,48.86
535,6004,PY,2026-09-30T14:28:49.000Z,45.0,5.320808033314623,405.9567170268123,48.86,25.16,88.8,14,1,SPEED,51.78
535,6004,ED,2026-09-30T14:38:09.000Z,45.0,6.165215784829757,393.3523058028693,51.78,26.43,98.2,14,1,SPEED,55.71
535,6004,DC,2026-09-30T14:45:37.000Z,50.0,6.106817136858626,355.3690327509075,55.71,27.76,105.6,14,1,WEATHER,64.85
535,6004,NEA,2026-09-30T14:49:47.000Z,80.0,0.8562693212560639,336.33504747495965,64.85,29.37,109.8,14,1,NONE,58.38
535,6004,MGSJ,2026-09-30T14:55:36.000Z,45.0,3.0833954641940515,328.4538032738958,58.38,30.58,115.6,14,1,SPEED,59.28
535,6004,KPPR,2026-09-30T14:58:19.000Z,80.0,0.405126380163075,322.6047250657549,59.28,31.73,118.3,14,1,NONE,54.67
535,6004,LCR,2026-09-30T15:06:51.000Z,50.0,7.005484201827852,304.03793923750186,54.67,32.61,126.9,15,1,WEATHER,67.06
535,6004,TNGR,2026-09-30T15:10:32.000Z,80.0,0.1342191199060799,270.7304486044476,67.06,33.89,130.5,15,1,NONE,53.24
535,6004,DPI,2026-09-30T15:19:50.000Z,45.0,6.300730307522465,263.799167067813,53.24,34.58,139.8,15,1,SPEED,54.43
535,6004,KDY,2026-09-30T15:24:22.000Z,80.0,1.168254275915187,205.2248920706705,54.43,35.26,144.4,15,1,NONE,49.84
535,6004,VN,2026-09-30T15:32:00.000Z,50.0,4.264419106868687,200.37833669660904,49.84,35.75,152.0,15,1,WEATHER,55.59
535,6004,AB,2026-09-30T15:40:13.000Z,45.0,6.1031455144786095,186.2901342126108,55.59,36.39,160.2,15,1,SPEED,61.07
535,6004,MPI,2026-09-30T15:48:41.000Z,45.0,5.117536465177475,173.46140391384014,61.07,37.16,168.7,15,1,SPEED,58.52
535,6004,VJ,2026-09-30T15:51:34.000Z,80.0,1.1184183036346371,141.78667507145957,58.52,37.81,171.6,15,1,NONE,45.25
535,6004,THL,2026-09-30T15:58:56.000Z,45.0,5.495238992999571,122.13105306289108,45.25,38.03,178.9,15,1,SPEED,47.04
535,6004,SHU,2026-09-30T16:08:18.000Z,45.0,6.378374921094118,95.960805022993,47.04,38.28,188.3,16,1,SPEED,52.97
535,6004,CTRE,2026-09-30T16:10:21.000Z,80.0,0.5008468765219927,76.39123773283094,52.97,38.69,190.4,16,1,NONE,50.01
535,6004,MSU,2026-09-30T16:14:50.000Z,80.0,0.5731741665411445,63.200733420256974,50.01,39.0,194.8,16,1,NONE,43.42
535,6004,MAF,2026-09-30T16:22:24.000Z,45.0,3.6284514710170095,57.22630032321084,43.42,39.11,202.4,16,1,SPEED,42.78
535,6004,SPAM,2026-09-30T16:25:37.000Z,80.0,0.978959550832746,51.18421783261312,42.78,39.21,205.6,16,1,NONE,33.83
535,6004,KBT,2026-09-30T16:27:48.000Z,50.0,0.7334501932239653,47.693700173769166,33.83,39.07,207.8,16,1,WEATHER,36.61
535,6004,PTLR,2026-09-30T16:31:14.000Z,80.0,0.4621408696534824,38.90000292183057,36.61,39.01,211.2,16,1,NONE,28.86
535,6004,SVR,2026-09-30T16:33:37.000Z,50.0,0.7435711493492856,35.9690330681664,28.86,38.77,213.6,16,1,WEATHER,32.77
535,6004,TI,2026-09-30T16:38:34.000Z,45.0,2.614076032416892,31.311764660051495,32.77,38.63,218.6,16,1,SPEED,37.08
535,6004,HC,2026-09-30T16:41:28.000Z,80.0,0.1966846735432462,23.668467299648864,37.08,38.6,221.5,16,1,NONE,31.89
535,6004,TMVL,2026-09-30T16:43:58.000Z,80.0,0.9354300325052032,17.665708951888494,31.89,38.45,224.0,16,1,NONE,30.51
535,6004,ABU,2026-09-30T16:46:20.000Z,80.0,0.5810796126661018,15.629006655486956,30.51,38.28,226.3,16,1,NONE,25.96
557,6617,CBE,2026-10-28T21:00:00.000Z,80.0,0.4706587430019778,462.14808489354,0.0,0.0,0.0,21,4,NONE,2.31
557,6617,ETMD,2026-10-28T21:03:07.000Z,80.0,0.4995226262867775,443.90878597566,2.31,2.31,3.1,21,4,NONE,3.69
557,6617,WRA,2026-10-28T21:08:00.000Z,50.0,3.504980594205984,438.24223602798594,3.69,3.0,8.0,21,4,WEATHER,15.17
557,6617,PLL,2026-10-28T21:20:58.000Z,45.0,7.847779026355603,410.8296373206449,15.17,7.05,21.0,21,4,SPEED,20.42
557,6617,LDY,2026-10-28T21:24:26.000Z,50.0,0.4720475709139815,388.7676051060595,20.42,10.39,24.4,21,4,WEATHER,38.06
557,6617,VTK,2026-10-28T21:27:27.000Z,80.0,0.736035944300444,366.8605424746288,38.06,15.93,27.5,21,4,NONE,35.66
557,6617,PUK,2026-10-28T21:34:59.000Z,45.0,5.357478712343916,333.3076048881108,35.66,19.21,35.0,21,4,SPEED,36.37
557,6617,IJK,2026-10-28T21:39:47.000Z,50.0,3.481175626265469,321.9749271573243,36.37,21.67,39.8,21,4,WEATHER,41.9
557,6617,DINR,2026-10-28T21:44:11.000Z,50.0,0.4700109297336677,310.4195790008668,41.9,24.2,44.2,21,4,WEATHER,47.72
557,6617,IPL,2026-10-28T21:49:25.000Z,45.0,3.672739284561789,281.7347307970188,47.72,26.81,49.4,21,4,SPEED,50.98
557,6617,ERN,2026-10-28T21:53:23.000Z,80.0,0.7257542884845978,273.8502270929086,50.98,29.23,53.4,21,4,NONE,47.83
557,6617,ERS,2026-10-28T21:57:59.000Z,50.0,0.7202115746672446,271.3433251577381,47.83,30.92,58.0,21,4,WEATHER,52.53
557,6617,KPTM,2026-10-28T22:03:39.000Z,45.0,4.048804142378522,255.8233525579715,52.53,32.72,63.7,22,4,SPEED,50.54
557,6617,KDTY,2026-10-28T22:06:44.000Z,80.0,0.1808724222050844,236.69375655189293,50.54,34.09,66.7,22,4,NONE,40.51
557,6617,CYN,2026-10-28T22:08:45.000Z,50.0,1.3156599094540604,179.83227263522411,40.51,34.55,68.8,22,4,WEATHER,52.29
557,6617,MVLK,2026-10-28T22:16:08.000Z,45.0,5.526862816610475,178.32701450266617,52.29,35.73,76.1,22,4,SPEED,55.59
557,6617,OCR,2026-10-28T22:26:34.000Z,45.0,5.771040921523307,165.50263456572233,55.59,36.97,86.6,22,4,SPEED,49.29
557,6617,PRND,2026-10-28T22:34:46.000Z,45.0,4.302148002937826,139.5830111007577,49.29,37.7,94.8,22,4,SPEED,46.96
557,6617,IRP,2026-10-28T22:40:27.000Z,45.0,2.3882642139036987,126.75160668190944,46.96,38.21,100.5,22,4,SPEED,42.13
557,6617,KFI,2026-10-28T22:43:43.000Z,50.0,2.339110593365607,114.91734731148796,42.13,38.42,103.7,22,4,WEATHER,49.98
557,6617,AMY,2026-10-28T22:48:46.000Z,50.0,2.145208828892117,102.32908356853387,49.98,39.0,108.8,22,4,WEATHER,58.93
557,6617,KVU,2026-10-28T22:51:32.000Z,80.0,0.8442194513403647,98.51333088224972,58.93,39.94,111.5,22,4,NONE,55.61
557,6617,CRY,2026-10-28T22:54:06.000Z,80.0,0.4190114772012255,94.99891296160467,55.61,40.66,114.1,22,4,NONE,42.88
557,6617,KXP,2026-10-28T22:57:15.000Z,80.0,0.950144560326328,84.56451404132221,42.88,40.75,117.3,22,4,NONE,39.46
557,6617,KZK,2026-10-28T23:01:34.000Z,80.0,0.919980740906115,80.49884876806689,39.46,40.7,121.6,23,4,NONE,33.26
557,6617,KCVL,2026-10-28T23:06:00.000Z,45.0,1.7846654906492243,75.40821990850633,33.26,40.4,126.0,23,4,SPEED,38.94
557,6617,AMVA,2026-10-28T23:08:12.000Z,45.0,1.38717936203868,49.241516886596735,38.94,40.35,128.2,23,4,SPEED,36.0
557,6617,DAVM,2026-10-28T23:13:01.000Z,80.0,0.6125627562776199,45.133982746708014,36.0,40.18,133.0,23,4,NONE,32.63
557,6617,PASA,2026-10-28T23:16:02.000Z,50.0,0.0154791074283294,38.27180131203051,32.63,39.91,136.0,23,4,WEATHER,39.02
557,6617,ERL,2026-10-28T23:27:09.000Z,45.0,6.882086740989924,23.34236998439576,39.02,39.88,147.2,23,4,SPEED,43.54
564,6840,KTYR,2026-10-12T00:00:00.000Z,80.0,0.4842480663875715,80.63916177225724,0.0,0.0,0.0,0,1,NONE,0.04
564,6840,CTND,2026-10-12T00:02:51.000Z,50.0,0.131946184041561,74.77130882123016,0.04,0.04,2.9,0,1,WEATHER,11.31
564,6840,KUTR,2026-10-12T00:14:21.000Z,45.0,6.538291035529574,34.256708587746985,11.31,5.67,14.4,0,1,SPEED,19.01
517,4204,SBB,2026-09-14T13:00:00.000Z,50.0,2.316509534955326,766.192124185937,0.0,0.0,0.0,13,1,WEATHER,19.43
517,4204,MFH,2026-09-14T13:04:04.000Z,50.0,0.8037870491219461,753.608882888214,19.43,19.43,4.1,13,1,WEATHER,31.44
517,4204,AKNR,2026-09-14T13:08:44.000Z,45.0,2.808012919213133,752.1111380416919,31.44,25.43,8.7,13,1,SPEED,33.31
517,4204,DS,2026-09-14T13:13:18.000Z,80.0,0.8369092490085107,747.119575918816,33.31,28.06,13.3,13,1,NONE,31.79
517,4204,PKW,2026-09-14T13:23:53.000Z,50.0,8.350070932331072,740.7785875884769,31.79,28.99,23.9,13,1,WEATHER,36.26
517,4204,QXR,2026-09-14T13:31:51.000Z,45.0,5.3202452066894255,713.3677955954181,36.26,30.44,31.9,13,1,SPEED,42.36
517,4204,HKP,2026-09-14T13:35:28.000Z,50.0,0.2274027795526423,613.2876074218372,42.36,32.43,35.5,13,1,WEATHER,49.12
517,4204,KGFR,2026-09-14T13:39:10.000Z,45.0,0.5765299955981352,597.0889126615267,49.12,34.81,39.2,13,1,SPEED,54.28
517,4204,MIL,2026-09-14T13:43:29.000Z,80.0,1.2610401071880926,552.8801631854344,54.28,37.25,43.5,13,1,NONE,51.25
517,4204,BC,2026-09-14T13:51:54.000Z,45.0,5.281181246732063,519.6047679892379,51.25,38.8,51.9,13,1,SPEED,51.61
517,4204,MK,2026-09-14T13:55:47.000Z,45.0,1.4660656831065724,468.0114585630637,51.61,40.08,55.8,13,1,SPEED,53.93
517,4204,KAR,2026-09-14T13:58:38.000Z,50.0,0.2998309861829036,366.6764088239429,53.93,41.34,58.6,13,1,WEATHER,63.75
517,4204,BGH,2026-09-14T14:03:25.000Z,50.0,1.2420215685708664,353.2366185961572,63.75,43.21,63.4,14,1,WEATHER,63.36
517,4204,BLM,2026-09-14T14:16:40.000Z,45.0,8.483766593249133,351.73432234833774,63.36,44.76,76.7,14,1,SPEED,65.45
517,4204,UTR,2026-09-14T14:30:27.000Z,45.0,8.375293014797496,274.26950744320305,65.45,46.24,90.5,14,1,SPEED,61.47
517,4204,SYW,2026-09-14T14:35:07.000Z,50.0,0.5575047251321391,198.25873211164048,61.47,47.25,95.1,14,1,WEATHER,64.3
517,4204,NHH,2026-09-14T14:44:10.000Z,45.0,6.275980451179507,196.75575613073764,64.3,48.32,104.2,14,1,SPEED,63.85
517,4204,BDIN,2026-09-14T14:51:56.000Z,45.0,5.074184182356933,132.08673737953887,63.85,49.23,111.9,14,1,SPEED,56.69
517,4204,MWP,2026-09-14T15:02:55.000Z,45.0,7.346515487618191,119.25135455661882,56.69,49.65,122.9,15,1,SPEED,56.49
517,4204,JOP,2026-09-14T15:07:00.000Z,50.0,0.3882066573094856,56.86540467450681,56.49,50.01,127.0,15,1,WEATHER,61.21
517,4204,JLL,2026-09-14T15:12:16.000Z,45.0,3.1650413130139,41.74769123309717,61.21,50.57,132.3,15,1,SPEED,58.29
517,4204,BTP,2026-09-14T15:16:48.000Z,50.0,0.5453062803108562,18.42285514732457,58.29,50.94,136.8,15,1,WEATHER,56.31
543,6012,OCR,2026-09-27T02:00:00.000Z,45.0,6.646821404375514,793.567217000954,0.0,0.0,0.0,2,1,SPEED,8.86
543,6012,MVLK,2026-09-27T02:12:09.000Z,45.0,7.131799154064295,780.983636708786,8.86,8.86,12.2,2,1,SPEED,13.26
543,6012,CNGR,2026-09-27T02:21:06.000Z,45.0,5.263971435751039,767.6482587345441,13.26,11.06,21.1,2,1,SPEED,17.26
543,6012,KTYM,2026-09-27T02:25:34.000Z,50.0,0.3453062487567034,730.3881808548806,17.26,13.12,25.6,2,1,WEATHER,30.85
543,6012,KFQ,2026-09-27T02:27:38.000Z,45.0,1.3961687525480189,728.8855561683896,30.85,17.55,27.6,2,1,SPEED,29.61
543,6012,KDTY,2026-09-27T02:30:48.000Z,80.0,0.75805641678206,710.8971615278713,29.61,19.97,30.8,2,1,NONE,24.19
543,6012,ERN,2026-09-27T02:35:30.000Z,80.0,0.2329613232698106,673.7604777596229,24.19,20.67,35.5,2,1,NONE,21.35
543,6012,AWY,2026-09-27T02:39:07.000Z,80.0,0.0587613367893154,658.1821615636298,21.35,20.77,39.1,2,1,NONE,18.94
543,6012,VTK,2026-09-27T02:43:45.000Z,80.0,1.2973879915972233,581.8248707020462,18.94,20.54,43.8,2,1,NONE,14.09
543,6012,LDY,2026-09-27T02:48:26.000Z,45.0,2.700873489264304,561.0573051948962,14.09,19.82,48.4,2,1,SPEED,22.21
543,6012,WRA,2026-09-27T02:53:13.000Z,50.0,0.6043716189974241,512.519105425995,22.21,20.06,53.2,2,1,WEATHER,38.42
543,6012,ETMD,2026-09-27T03:03:42.000Z,50.0,7.230938562475462,510.4736644538798,38.42,21.73,63.7,3,1,WEATHER,52.35
543,6012,PTJ,2026-09-27T03:14:14.000Z,50.0,8.49151852053022,497.8927939531448,52.35,24.28,74.2,3,1,WEATHER,58.52
543,6012,CBF,2026-09-27T03:18:33.000Z,45.0,1.388675063347668,483.5594253939127,58.52,26.91,78.6,3,1,SPEED,53.52
543,6012,IGU,2026-09-27T03:24:23.000Z,50.0,2.889826149813137,471.72476210130594,53.52,28.81,84.4,3,1,WEATHER,56.66
543,6012,UKL,2026-09-27T03:28:08.000Z,80.0,0.2052186426976079,423.29031635405227,56.66,30.67,88.1,3,1,NONE,50.44
543,6012,PY,2026-09-27T03:35:42.000Z,45.0,5.409435812535968,406.04534480603365,50.44,31.91,95.7,3,1,SPEED,52.11
543,6012,ED,2026-09-27T03:37:47.000Z,80.0,0.3992106914461344,387.5863007094856,52.11,33.09,97.8,3,1,NONE,46.99
543,6012,MVPM,2026-09-27T03:39:56.000Z,80.0,1.0026172094398442,362.6194715047618,46.99,33.87,99.9,3,1,NONE,43.61
543,6012,DC,2026-09-27T03:48:00.000Z,50.0,6.2121087850653325,355.4743243991142,43.61,34.38,108.0,3,1,WEATHER,57.23
543,6012,NEA,2026-09-27T03:50:23.000Z,80.0,0.7534353921916186,336.2322135458952,57.23,35.52,110.4,3,1,NONE,50.07
543,6012,MGSJ,2026-09-27T03:56:20.000Z,45.0,3.185063417049484,328.55547122675125,50.07,36.21,116.3,3,1,SPEED,58.04
543,6012,DSPT,2026-09-27T03:59:14.000Z,50.0,0.6454356047637677,306.26907853820694,58.04,37.21,119.2,3,1,WEATHER,68.38
543,6012,DPI,2026-09-27T04:07:56.000Z,45.0,6.398023554371999,263.8964603146626,68.38,38.56,127.9,4,1,SPEED,63.76
543,6012,DST,2026-09-27T04:14:22.000Z,50.0,3.0056879418325293,252.56079423340856,63.76,39.61,134.4,4,1,WEATHER,67.72
543,6012,KNNT,2026-09-27T04:19:12.000Z,50.0,3.674695092364332,239.23408994786053,67.72,40.74,139.2,4,1,WEATHER,73.34
543,6012,KEY,2026-09-27T04:24:10.000Z,80.0,0.4534537022093004,230.06502861040656,73.34,41.99,144.2,4,1,NONE,63.58
543,6012,AB,2026-09-27T04:34:08.000Z,45.0,6.203689667269359,186.39067836540156,63.58,42.79,154.1,4,1,SPEED,54.98
543,6012,MPI,2026-09-27T04:41:22.000Z,45.0,5.219039350412856,173.5629067990755,54.98,43.23,161.4,4,1,SPEED,56.46
543,6012,GYM,2026-09-27T04:46:07.000Z,80.0,1.0780305797794332,153.80584858547496,56.46,43.68,166.1,4,1,NONE,47.42
543,6012,LTI,2026-09-27T04:49:17.000Z,50.0,0.0878390967135083,136.31793021251974,47.42,43.81,169.3,4,1,WEATHER,62.11
543,6012,KPD,2026-09-27T05:00:01.000Z,45.0,6.208989664475831,134.81791800532775,62.11,44.4,180.0,5,1,SPEED,59.06
543,6012,THL,2026-09-27T05:09:03.000Z,45.0,5.597031164973281,122.23284523486478,59.06,44.86,189.1,5,1,SPEED,48.81
543,6012,WJR,2026-09-27T05:17:19.000Z,50.0,6.250904150987244,110.40103164624902,48.81,44.97,197.3,5,1,WEATHER,55.65
543,6012,MRLM,2026-09-27T05:20:31.000Z,50.0,0.6111284686097115,99.62314051695472,55.65,45.29,200.5,5,1,WEATHER,60.37
543,6012,CTRE,2026-09-27T05:22:40.000Z,80.0,0.4023029432461018,76.29269379955505,60.37,45.72,202.7,5,1,NONE,55.47
543,6012,AJJ,2026-09-27T05:26:58.000Z,50.0,3.4939708772277838,71.65004796794176,55.47,45.99,207.0,5,1,WEATHER,53.53
543,6012,PLMG,2026-09-27T05:29:42.000Z,80.0,0.0128173314075735,66.18031578296846,53.53,46.19,209.7,5,1,NONE,48.14
543,6012,MAF,2026-09-27T05:36:22.000Z,45.0,3.72728567256213,57.32513452475597,48.14,46.25,216.4,5,1,SPEED,48.14
543,6012,SPAM,2026-09-27T05:38:53.000Z,80.0,0.8801257576353569,51.085384039415736,48.14,46.29,218.9,5,1,NONE,44.11
543,6012,PTLR,2026-09-27T05:41:06.000Z,80.0,0.3535155292104027,38.791377581387486,44.11,46.24,221.1,5,1,NONE,35.99
543,6012,SVR,2026-09-27T05:45:26.000Z,50.0,0.6458629422028493,35.87132486101996,35.99,45.99,225.4,5,1,WEATHER,40.0
543,6012,TI,2026-09-27T05:51:51.000Z,45.0,2.717409335474707,31.41509796310931,40.0,45.85,231.9,5,1,SPEED,40.69
543,6012,PVM,2026-09-27T05:56:04.000Z,80.0,0.2758364074309247,13.792146384955638,40.69,45.73,236.1,5,1,NONE,34.38
543,6012,VLK,2026-09-27T05:59:19.000Z,50.0,0.4179808022521837,9.24976918252133,34.38,45.47,239.3,5,1,WEATHER,51.25
588,8471,KUR,2026-09-30T18:00:00.000Z,45.0,6.28678633421606,1168.105712517489,0.0,0.0,0.0,18,6,SPEED,7.32
588,8471,NKP,2026-09-30T18:02:42.000Z,80.0,0.2454829452757509,1135.999114846698,7.32,7.32,2.7,18,6,NONE,8.18
588,8471,MKTP,2026-09-30T18:06:49.000Z,80.0,0.4641032710401515,1123.6116067973155,8.18,7.75,6.8,18,6,NONE,8.53
588,8471,SLZ,2026-09-30T18:15:29.000Z,45.0,4.312481629532148,1103.3934492291394,8.53,8.01,15.5,18,6,SPEED,13.53
588,8471,BALU,2026-09-30T18:17:32.000Z,50.0,0.6433037276250183,1092.0691288004866,13.53,9.39,17.5,18,6,WEATHER,25.46
588,8471,CLKA,2026-09-30T18:26:57.000Z,45.0,6.234798352002198,1090.5638525889487,25.46,12.6,27.0,18,6,SPEED,33.98
588,8471,KLJI,2026-09-30T18:31:24.000Z,50.0,0.3227069781135431,1079.3793451291515,33.98,16.17,31.4,18,6,WEATHER,52.75
588,8471,CAPC,2026-09-30T18:36:07.000Z,50.0,0.7736119089115453,1041.5318542198313,52.75,21.39,36.1,18,6,WEATHER,60.95
588,8471,CAP,2026-09-30T18:40:54.000Z,50.0,0.1988870122305761,1039.984630402065,60.95,26.34,40.9,18,6,WEATHER,67.85
588,8471,NRSP,2026-09-30T18:46:21.000Z,45.0,3.0947337620981696,1039.2267492248086,67.85,30.95,46.4,18,6,SPEED,69.54
588,8471,RMZ,2026-09-30T18:56:48.000Z,45.0,6.179431258856756,935.5625902351302,69.54,34.81,56.8,18,6,SPEED,70.56
588,8471,PDU,2026-09-30T19:01:18.000Z,50.0,0.5272623651908502,861.4577417575603,70.56,38.06,61.3,19,6,WEATHER,84.1
588,8471,SGDM,2026-09-30T19:14:38.000Z,50.0,8.6699981137861,859.5603048935783,84.1,41.9,74.6,19,6,WEATHER,80.81
588,8471,BTVA,2026-09-30T19:17:33.000Z,50.0,1.6951258326963925,846.2276875275521,80.81,44.89,77.6,19,6,WEATHER,82.25
588,8471,KPL,2026-09-30T19:21:13.000Z,50.0,0.3086112389647611,782.6849836435182,82.25,47.56,81.2,19,6,WEATHER,92.49
588,8471,SCMN,2026-09-30T19:25:23.000Z,80.0,0.5501313063348046,759.7434809381069,92.49,50.55,85.4,19,6,NONE,80.81
588,8471,MIPM,2026-09-30T19:30:27.000Z,50.0,1.891621437740807,756.1403161821119,80.81,52.44,90.5,19,6,WEATHER,78.33
588,8471,VSKP,2026-09-30T19:35:16.000Z,80.0,0.7110103548017426,750.7244637945563,78.33,53.97,95.3,19,6,NONE,72.46
588,8471,BVM,2026-09-30T19:37:27.000Z,80.0,0.6465981616926385,710.5383974290445,72.46,54.99,97.5,19,6,NONE,68.19
588,8471,YLM,2026-09-30T19:42:18.000Z,80.0,0.3719292992955701,695.8233509002351,68.19,55.69,102.3,19,6,NONE,62.69
588,8471,RVD,2026-09-30T19:51:28.000Z,45.0,6.047753827063314,638.4287260420243,62.69,56.04,111.5,19,6,SPEED,64.32
588,8471,SLO,2026-09-30T19:55:29.000Z,50.0,0.6561238778461965,603.3287736357522,64.32,56.43,115.5,19,6,WEATHER,72.62
588,8471,BVL,2026-09-30T19:59:09.000Z,50.0,2.648836220817187,588.3576544885572,72.62,57.17,119.2,19,6,WEATHER,82.2
588,8471,BBPM,2026-09-30T20:01:48.000Z,80.0,0.8957215877445308,583.3084907929183,82.2,58.26,121.8,20,6,NONE,69.27
588,8471,BMGM,2026-09-30T20:06:13.000Z,50.0,0.8292573246133682,536.2594313083308,69.27,58.72,126.2,20,6,WEATHER,70.93
588,8471,NDD,2026-09-30T20:09:11.000Z,80.0,0.3661029113366297,532.2422704096122,70.93,59.2,129.2,20,6,NONE,64.79
588,8471,STPT,2026-09-30T20:18:20.000Z,45.0,5.3620457537131925,483.4336328498348,64.79,59.42,138.3,20,6,SPEED,68.29
588,8471,EE,2026-09-30T20:29:09.000Z,50.0,7.33519446779571,472.1020111891959,68.29,59.75,149.2,20,6,WEATHER,77.57
588,8471,VJA,2026-09-30T20:37:47.000Z,50.0,4.797081118182009,368.6948408115948,77.57,60.38,157.8,20,6,WEATHER,78.08
588,8471,MDKU,2026-09-30T20:42:06.000Z,80.0,1.1022524338194135,337.31386583115835,78.08,60.99,162.1,20,6,NONE,65.19
588,8471,MCVM,2026-09-30T20:47:53.000Z,45.0,4.203593040188198,328.4409302456875,65.19,61.13,167.9,20,6,SPEED,64.33
588,8471,CLX,2026-09-30T20:52:47.000Z,80.0,0.215194846724077,294.0920248335659,64.33,61.24,172.8,20,6,NONE,57.92
588,8471,JAQ,2026-09-30T20:55:42.000Z,50.0,0.4825164984791408,291.1783067241521,57.92,61.13,175.7,20,6,WEATHER,64.11
588,8471,VTM,2026-09-30T21:03:01.000Z,45.0,3.5536380882124363,289.6734526478502,64.11,61.22,183.0,21,6,SPEED,66.16
588,8471,CJM,2026-09-30T21:08:57.000Z,45.0,3.2203942557744205,276.8383141159744,66.16,61.37,189.0,21,6,SPEED,69.85
588,8471,AKY,2026-09-30T21:13:29.000Z,80.0,0.2544689823274504,36.83036243369456,69.85,61.61,193.5,21,6,NONE,64.64
588,8471,RCG,2026-09-30T21:22:59.000Z,45.0,6.253430817160544,31.73723602481115,64.64,61.7,203.0,21,6,SPEED,62.91
588,8471,YPD,2026-09-30T21:25:10.000Z,50.0,0.645226616483348,19.898905296417244,62.91,61.73,205.2,21,6,WEATHER,71.58
506,2435,CKW,2026-09-29T11:00:00.000Z,80.0,0.3172276492695181,538.4866728512233,0.0,0.0,0.0,11,6,NONE,1.89
506,2435,NTSK,2026-09-29T11:11:27.000Z,50.0,7.067310694393791,507.2832487910862,1.89,1.89,11.5,11,6,WEATHER,12.99
506,2435,NAM,2026-09-29T11:16:23.000Z,80.0,0.172724953413609,462.0078307093988,12.99,7.44,16.4,11,6,NONE,15.13
506,2435,SPK,2026-09-29T11:20:13.000Z,50.0,0.3753245111551657,444.1681393763497,15.13,10.01,20.2,11,6,WEATHER,31.64
506,2435,SLGR,2026-09-29T11:28:42.000Z,45.0,5.255160167039167,402.3285473003405,31.64,15.42,28.7,11,6,SPEED,35.36
506,2435,NMT,2026-09-29T11:31:06.000Z,80.0,0.0690332004831434,381.6509866109325,35.36,19.4,31.1,11,6,NONE,32.49
506,2435,NCH,2026-09-29T11:34:24.000Z,50.0,0.6803287901630102,354.45746138241014,32.49,21.58,34.4,11,6,WEATHER,39.86
506,2435,MXN,2026-09-29T11:46:29.000Z,50.0,9.019960033427909,352.26732555032305,39.86,24.19,46.5,11,6,WEATHER,53.43
506,2435,CJA,2026-09-29T11:54:25.000Z,50.0,4.954839447974407,261.4598962121507,53.43,27.85,54.4,11,6,WEATHER,57.16
506,2435,DPU,2026-09-29T12:05:19.000Z,50.0,7.881154734093176,210.1186038138977,57.16,31.11,65.3,12,6,WEATHER,61.54
506,2435,HWX,2026-09-29T12:17:57.000Z,45.0,9.179932624787742,157.01471101448675,61.54,34.15,78.0,12,6,SPEED,62.33
506,2435,LKA,2026-09-29T12:21:37.000Z,50.0,2.832749312221428,145.18109681064544,62.33,36.71,81.6,12,6,WEATHER,74.41
506,2435,HJI,2026-09-29T12:28:29.000Z,45.0,3.1606125940794474,131.1030942026274,74.41,39.85,88.5,12,6,SPEED,69.88
506,2435,DML,2026-09-29T12:30:47.000Z,80.0,0.7550245696434289,71.71969255135545,69.88,42.16,90.8,12,6,NONE,59.96
506,2435,TTLA,2026-09-29T12:42:48.000Z,45.0,7.538750726388097,40.79319649073477,59.96,43.43,102.8,12,6,SPEED,65.01
506,2435,DGU,2026-09-29T12:45:49.000Z,50.0,0.6887613071071755,28.958256512919174,65.01,44.87,105.8,12,6,WEATHER,62.59
506,2435,PNB,2026-09-29T12:54:46.000Z,45.0,6.434738732131211,28.20453302647569,62.59,45.98,114.8,12,6,SPEED,53.67
567,7004,KRBA,2026-09-03T11:00:00.000Z,80.0,0.3926588697876084,961.6599475261183,0.0,0.0,0.0,11,3,NONE,1.91
567,7004,MWRN,2026-09-03T11:04:06.000Z,80.0,0.1008358487928362,941.4442106151024,1.91,1.91,4.1,11,3,NONE,4.01
567,7004,GTW,2026-09-03T11:11:27.000Z,50.0,5.388607695887786,885.8116978467517,4.01,2.96,11.5,11,3,WEATHER,19.24
567,7004,CHBT,2026-09-03T11:15:31.000Z,80.0,0.5223163258261154,866.107614397185,19.24,8.38,15.5,11,3,NONE,19.83
567,7004,DGS,2026-09-03T11:23:18.000Z,45.0,5.448500577455045,858.8982912074703,19.83,11.25,23.3,11,3,SPEED,21.2
567,7004,R,2026-09-03T11:28:21.000Z,45.0,2.598398524936557,768.822788677486,21.2,13.24,28.4,11,3,SPEED,28.96
567,7004,SZB,2026-09-03T11:32:56.000Z,80.0,0.8898092138915127,761.273764117822,28.96,15.86,32.9,11,3,NONE,27.44
567,7004,BPHB,2026-09-03T11:39:48.000Z,45.0,3.935188623694761,742.6669424200134,27.44,17.51,39.8,11,3,SPEED,37.14
567,7004,BQR,2026-09-03T11:41:50.000Z,80.0,1.0320284962456958,735.3903483496605,37.14,19.96,41.8,11,3,NONE,32.35
567,7004,DEW,2026-09-03T11:45:31.000Z,50.0,1.5776828154057674,537.0445852918433,32.35,21.34,45.5,11,3,WEATHER,47.94
567,7004,BMP,2026-09-03T11:54:52.000Z,50.0,6.15989402013239,498.3128606755429,47.94,24.0,54.9,11,3,WEATHER,65.66
567,7004,BPQ,2026-09-03T11:57:00.000Z,80.0,1.2540332089860018,363.8365148203279,65.66,27.79,57.0,11,3,NONE,59.86
567,7004,MAGH,2026-09-03T12:01:44.000Z,50.0,2.6652992296373483,356.6575864555541,59.86,30.46,61.7,12,3,WEATHER,68.28
567,7004,SRUR,2026-09-03T12:08:57.000Z,50.0,4.503863424236728,317.8957067463225,68.28,33.37,69.0,12,3,WEATHER,78.04
567,7004,ASAF,2026-09-03T12:18:15.000Z,50.0,7.681105989257411,291.98504551669765,78.04,36.56,78.3,12,3,WEATHER,79.55
567,7004,RVKH,2026-09-03T12:21:00.000Z,80.0,0.8747645245972984,248.1477813377928,79.55,39.43,81.0,12,3,NONE,73.98
567,7004,PTKP,2026-09-03T12:23:39.000Z,50.0,0.3853238891523214,188.3305859226348,73.98,41.59,83.7,12,3,WEATHER,76.54
567,7004,BGSF,2026-09-03T12:36:21.000Z,45.0,8.86042847851884,187.5813342688355,76.54,43.64,96.4,12,3,SPEED,70.15
567,7004,PQL,2026-09-03T12:46:42.000Z,45.0,6.7099542014234,135.48654088446392,70.15,45.11,106.7,12,3,SPEED,63.33
567,7004,GNP,2026-09-03T12:56:19.000Z,50.0,7.057874449648518,124.1490802556258,63.33,46.07,116.3,12,3,WEATHER,70.31
567,7004,PBP,2026-09-03T12:58:31.000Z,50.0,1.5818749942331132,85.39463755583446,70.31,47.28,118.5,12,3,WEATHER,74.51
567,7004,ALER,2026-09-03T13:02:59.000Z,80.0,0.4324419958504091,75.4032079323258,74.51,48.58,123.0,13,3,NONE,66.77
567,7004,WP,2026-09-03T13:11:36.000Z,50.0,7.077328618294045,72.05471478751036,66.77,49.41,131.6,13,3,WEATHER,61.72
567,7004,BG,2026-09-03T13:17:00.000Z,45.0,3.9582283573301273,57.96863395234063,61.72,49.94,137.0,13,3,SPEED,52.76
567,7004,BN,2026-09-03T13:21:54.000Z,80.0,0.2914177863618029,41.72322082363964,52.76,50.06,141.9,13,3,NONE,42.18
567,7004,GT,2026-09-03T13:28:08.000Z,50.0,4.346972094887336,33.309004002702764,42.18,49.75,148.1,13,3,WEATHER,49.65
567,7004,SJVP,2026-09-03T13:32:55.000Z,50.0,0.851752860223833,7.902870093963077,49.65,49.74,152.9,13,3,WEATHER,60.22
567,7004,BMT,2026-09-03T13:35:10.000Z,45.0,1.185408655818841,6.397618720323539,60.22,50.13,155.2,13,3,SPEED,58.95
545,6216,SJPM,2026-10-28T20:00:00.000Z,80.0,0.6754864124796391,21.729205758052043,0.0,0.0,0.0,20,6,NONE,2.15
545,6216,TXM,2026-10-28T20:02:37.000Z,80.0,0.1567567826584713,18.01641159588443,2.15,2.15,2.6,20,6,NONE,3.7
507,2436,AJRE,2026-09-21T11:00:00.000Z,80.0,0.3056751202343774,484.4943817820015,0.0,0.0,0.0,11,0,NONE,2.28
507,2436,DHRY,2026-09-21T11:04:36.000Z,45.0,3.357348638224514,415.703343622213,2.28,2.28,4.6,11,0,SPEED,14.95
507,2436,DPU,2026-09-21T11:08:48.000Z,80.0,0.28557385151388,342.03099356088285,14.95,8.62,8.8,11,0,NONE,16.98
507,2436,RXRX,2026-09-21T11:12:42.000Z,45.0,0.3999816734263804,312.0512820225063,16.98,11.41,12.7,11,0,SPEED,21.88
507,2436,DMV,2026-09-21T11:17:42.000Z,80.0,0.5689076352295789,307.8657458250035,21.88,14.02,17.7,11,0,NONE,23.34
507,2436,NJN,2026-09-21T11:29:46.000Z,45.0,6.845164947561527,286.146496052043,23.34,15.89,29.8,11,0,SPEED,32.32
507,2436,OTN,2026-09-21T11:36:00.000Z,45.0,4.647568503116237,247.39213176826425,32.32,18.63,36.0,11,0,SPEED,38.29
507,2436,CFG,2026-09-21T11:40:41.000Z,50.0,0.7319596092589269,225.02160311499247,38.29,21.43,40.7,11,0,WEATHER,47.56
507,2436,NHK,2026-09-21T11:45:37.000Z,80.0,1.1405113157047964,72.50870265764162,47.56,24.7,45.6,11,0,NONE,39.58
507,2436,NTSK,2026-09-21T11:49:47.000Z,80.0,0.0952064816484688,48.49240427713752,39.58,26.35,49.8,11,0,NONE,34.31
590,8565,THY,2026-10-28T04:00:00.000Z,50.0,0.590230608584048,661.435353723204,0.0,0.0,0.0,4,4,WEATHER,20.89
590,8565,AKP,2026-10-28T04:08:39.000Z,45.0,5.799667683883742,660.6856992101067,20.89,20.89,8.7,4,4,SPEED,28.52
590,8565,BVM,2026-10-28T04:14:56.000Z,50.0,3.149546118222604,648.8521366240774,28.52,24.7,14.9,4,4,WEATHER,36.4
590,8565,NASP,2026-10-28T04:18:00.000Z,50.0,0.7491068701861378,639.1838651786434,36.4,28.6,18.0,4,4,WEATHER,48.25
590,8565,NRP,2026-10-28T04:28:59.000Z,50.0,9.02625244511374,622.6834572468437,48.25,33.52,29.0,4,4,WEATHER,55.22
590,8565,TMPM,2026-10-28T04:35:07.000Z,45.0,4.07072642689262,583.1772132686232,55.22,37.86,35.1,4,4,SPEED,52.0
590,8565,KVR,2026-10-28T04:39:00.000Z,50.0,0.0368080330816888,481.9240284256754,52.0,40.21,39.0,4,4,WEATHER,57.36
590,8565,CU,2026-10-28T04:43:34.000Z,80.0,1.2518473117188362,476.6918264923131,57.36,42.66,43.6,4,4,NONE,50.17
590,8565,MRPL,2026-10-28T04:54:30.000Z,45.0,6.744844277815572,466.936736968801,50.17,43.6,54.5,4,4,SPEED,50.7
590,8565,TDD,2026-10-28T05:02:07.000Z,45.0,5.541308355519392,453.5997144787507,50.7,44.39,62.1,5,4,SPEED,55.15
590,8565,VGT,2026-10-28T05:08:43.000Z,45.0,4.014758704840817,440.7687542030308,55.15,45.47,68.7,5,4,SPEED,50.64
590,8565,PUA,2026-10-28T05:14:05.000Z,50.0,2.8096193379493646,428.93117460734186,50.64,45.94,74.1,5,4,WEATHER,55.86
590,8565,BMD,2026-10-28T05:17:10.000Z,80.0,0.4905138058064212,419.8244929837099,55.86,46.76,77.2,5,4,NONE,46.83
590,8565,GNN,2026-10-28T05:23:11.000Z,50.0,3.777993918245497,312.67885715222064,46.83,46.77,83.2,5,4,WEATHER,58.42
590,8565,NVC,2026-10-28T05:27:05.000Z,80.0,1.3210884974837598,266.4825173988456,58.42,47.6,87.1,5,4,NONE,48.22
590,8565,MLMG,2026-10-28T05:31:42.000Z,50.0,0.5306797256672872,235.1822372949983,48.22,47.64,91.7,5,4,WEATHER,51.86
590,8565,PPY,2026-10-28T05:41:38.000Z,45.0,5.415983210424785,234.434492426939,51.86,47.91,101.6,5,4,SPEED,46.65
590,8565,INK,2026-10-28T05:45:39.000Z,80.0,0.1132946725054288,175.91153425380713,46.65,47.83,105.7,5,4,NONE,41.74
590,8565,CLE,2026-10-28T05:49:54.000Z,80.0,0.0740530072271339,149.0886754294404,41.74,47.49,109.9,5,4,NONE,38.65
590,8565,ZN,2026-10-28T05:53:25.000Z,50.0,0.7397802374435096,80.20296598203616,38.65,47.03,113.4,5,4,WEATHER,53.12
590,8565,PBP,2026-10-28T06:03:13.000Z,45.0,5.471489553330772,79.45628669561256,53.12,47.33,123.2,6,4,SPEED,51.89
590,8565,GT,2026-10-28T06:06:19.000Z,50.0,0.5966619998479109,19.730728488343765,51.89,47.55,126.3,6,4,WEATHER,52.49
590,8565,MLY,2026-10-28T06:09:51.000Z,80.0,0.0570036323072445,5.323836372247486,52.49,47.77,129.9,6,4,NONE,45.28
508,2779,DBM,2026-09-16T00:00:00.000Z,80.0,0.7201558568352027,625.2193066031065,0.0,0.0,0.0,0,6,NONE,0.37
508,2779,MAO,2026-09-16T00:03:34.000Z,50.0,0.2299222057434873,605.9894970547379,0.37,0.37,3.6,0,6,WEATHER,11.92
508,2779,KM,2026-09-16T00:16:22.000Z,45.0,8.613389811332736,590.3739089307647,11.92,6.14,16.4,0,6,SPEED,15.11
508,2779,CRZ,2026-09-16T00:21:56.000Z,45.0,4.028915179713254,564.4584839038048,15.11,9.13,21.9,0,6,SPEED,17.72
508,2779,CLR,2026-09-16T00:26:51.000Z,50.0,0.5164351624392846,555.8232327243984,17.72,11.28,26.9,0,6,WEATHER,29.68
508,2779,TGT,2026-09-16T00:35:55.000Z,50.0,7.216307948691063,553.1019351705572,29.68,14.96,35.9,0,6,WEATHER,38.7
508,2779,DEV,2026-09-16T00:38:38.000Z,50.0,1.5046407018382475,527.1909187540964,38.7,18.92,38.6,0,6,WEATHER,52.22
508,2779,KBI,2026-09-16T00:42:13.000Z,80.0,0.1924010290356061,491.33541300883365,52.22,23.68,42.2,0,6,NONE,44.22
508,2779,MGD,2026-09-16T00:44:15.000Z,45.0,0.5243784561169785,486.9168984734545,44.22,26.24,44.3,0,6,SPEED,48.72
508,2779,DWR,2026-09-16T00:46:39.000Z,50.0,0.806568148412599,477.2088202546494,48.72,28.74,46.7,0,6,WEATHER,47.9
508,2779,UBL,2026-09-16T00:48:51.000Z,80.0,0.8134411922622979,457.80913510497095,47.9,30.66,48.9,0,6,NONE,39.07
508,2779,KALS,2026-09-16T00:56:51.000Z,45.0,5.134319029822343,422.76903336023656,39.07,31.42,56.9,0,6,SPEED,43.6
508,2779,ABGT,2026-09-16T01:00:44.000Z,80.0,1.212459245675771,248.86390252619876,43.6,32.44,60.7,1,6,NONE,40.45
508,2779,HSD,2026-09-16T01:05:09.000Z,50.0,0.3673792820690973,243.10106728856547,40.45,33.05,65.2,1,6,WEATHER,48.64
508,2779,SHV,2026-09-16T01:17:10.000Z,45.0,8.82068131584746,241.5958919595946,48.64,34.17,77.2,1,6,SPEED,46.11
508,2779,HVL,2026-09-16T01:23:26.000Z,45.0,4.592363133795169,151.52552797690254,46.11,34.96,83.4,1,6,SPEED,47.89
508,2779,TTR,2026-09-16T01:26:45.000Z,50.0,2.2867478866648554,139.69794294229976,47.89,35.77,86.8,1,6,WEATHER,54.62
508,2779,ARGP,2026-09-16T01:32:08.000Z,45.0,3.4301954645019386,125.36805094519976,54.62,36.88,92.1,1,6,SPEED,52.16
508,2779,BSN,2026-09-16T01:35:50.000Z,80.0,0.9635875786070872,117.96253531446554,52.16,37.73,95.8,1,6,NONE,41.05
508,2779,NDV,2026-09-16T01:39:17.000Z,45.0,2.478013832672475,47.85518501001027,41.05,37.9,99.3,1,6,SPEED,39.63
508,2779,BAW,2026-09-16T01:44:09.000Z,50.0,0.5757970558140603,13.431767901416276,39.63,37.99,104.2,1,6,WEATHER,41.3
591,8566,CHZ,2026-09-04T14:00:00.000Z,50.0,0.370777081553823,674.7783964534455,0.0,0.0,0.0,14,3,WEATHER,21.64
591,8566,GT,2026-09-04T14:10:11.000Z,45.0,6.587870169286594,673.2780483590487,21.64,21.64,10.2,14,3,SPEED,23.65
591,8566,BG,2026-09-04T14:21:41.000Z,50.0,7.2201751020227025,648.8619796045899,23.65,22.64,21.7,14,3,WEATHER,32.53
591,8566,WP,2026-09-04T14:28:59.000Z,50.0,5.352200704259917,636.0270246326214,32.53,25.94,29.0,14,3,WEATHER,44.22
591,8566,PBP,2026-09-04T14:33:14.000Z,50.0,0.0641644161115737,611.9036119520878,44.22,30.51,33.2,14,3,WEATHER,49.86
591,8566,INK,2026-09-04T14:45:59.000Z,45.0,8.252404030426367,518.2784091273825,49.86,34.38,46.0,14,3,SPEED,47.64
591,8566,DKJ,2026-09-04T14:51:34.000Z,50.0,2.499852037265583,467.6944657993052,47.64,36.59,51.6,14,3,WEATHER,59.7
591,8566,BKL,2026-09-04T14:55:45.000Z,50.0,1.5940100164363935,416.3510416016607,59.7,39.89,55.8,14,3,WEATHER,65.5
591,8566,GNN,2026-09-04T14:59:41.000Z,50.0,0.6831320757979189,377.60651352008045,65.5,43.09,59.7,14,3,WEATHER,66.94
591,8566,CVV,2026-09-04T15:05:37.000Z,45.0,3.680551444960132,376.10425853832834,66.94,45.74,65.6,15,3,SPEED,69.42
591,8566,BZA,2026-09-04T15:14:44.000Z,50.0,7.230577619600909,351.44112837652415,69.42,48.11,74.7,15,3,WEATHER,74.6
591,8566,MBD,2026-09-04T15:24:08.000Z,45.0,5.694304750780444,337.35009607469897,74.6,50.52,84.1,15,3,SPEED,74.91
591,8566,PAVP,2026-09-04T15:32:56.000Z,45.0,4.473322947952894,324.521990731589,74.91,52.55,92.9,15,3,SPEED,68.01
591,8566,TOU,2026-09-04T15:37:24.000Z,50.0,0.5855834315362222,313.85514906005955,68.01,53.74,97.4,15,3,WEATHER,78.79
591,8566,EE,2026-09-04T15:40:16.000Z,45.0,0.5131043614069021,285.75974107976106,78.79,55.53,100.3,15,3,SPEED,73.83
591,8566,BMD,2026-09-04T15:42:46.000Z,80.0,1.3118581462899834,267.8021236466442,73.83,56.75,102.8,15,3,NONE,70.24
591,8566,BPY,2026-09-04T15:48:57.000Z,50.0,4.800062112014908,248.51323995792325,70.24,57.59,109.0,15,3,WEATHER,78.78
591,8566,TDD,2026-09-04T15:51:23.000Z,80.0,0.0773876501425113,237.8432262051689,78.78,58.84,111.4,15,3,NONE,69.12
591,8566,MRPL,2026-09-04T15:54:14.000Z,80.0,0.5229234183552792,226.1552754056275,69.12,59.41,114.2,15,3,NONE,61.77
591,8566,NDD,2026-09-04T16:00:04.000Z,50.0,4.468743062181408,222.60602900366015,61.77,59.53,120.1,16,3,WEATHER,66.91
591,8566,GVN,2026-09-04T16:02:26.000Z,80.0,0.2764112043149528,199.4986955481996,66.91,59.9,122.4,16,3,NONE,56.34
591,8566,KYM,2026-09-04T16:15:44.000Z,45.0,8.771428287950908,195.69177518170144,56.34,59.73,135.7,16,3,SPEED,52.94
591,8566,DWP,2026-09-04T16:18:58.000Z,80.0,1.3108616272778602,178.31174331087504,52.94,59.42,139.0,16,3,NONE,46.14
591,8566,APT,2026-09-04T16:22:01.000Z,50.0,0.0990048464030661,173.72587398349663,46.14,58.85,142.0,16,3,WEATHER,49.93
591,8566,MPU,2026-09-04T16:26:34.000Z,50.0,1.4287014047599516,157.69485702336124,49.93,58.48,146.6,16,3,WEATHER,58.24
591,8566,ANV,2026-09-04T16:29:32.000Z,80.0,0.4260064696409645,111.04978540310331,58.24,58.47,149.5,16,3,NONE,54.75
591,8566,REG,2026-09-04T16:35:17.000Z,50.0,4.526222791711307,67.61676087755767,54.75,58.32,155.3,16,3,WEATHER,60.18
591,8566,NASP,2026-09-04T16:43:27.000Z,45.0,5.8927919055794105,53.28227827537963,60.18,58.39,163.5,16,3,SPEED,65.43
591,8566,KSK,2026-09-04T16:46:34.000Z,80.0,0.944940194899015,37.26046210794163,65.43,58.64,166.6,16,3,NONE,51.58
589,8472,YLK,2026-09-24T05:00:00.000Z,50.0,6.909329723290081,1143.7049598963963,0.0,0.0,0.0,5,3,WEATHER,16.9
589,8472,VDD,2026-09-24T05:12:43.000Z,45.0,8.277027659839243,1116.7850344571495,16.9,16.9,12.7,5,3,SPEED,24.15
589,8472,UPD,2026-09-24T05:18:46.000Z,50.0,2.9006879612488987,975.837503112162,24.15,20.52,18.8,5,3,WEATHER,34.37
589,8472,OGL,2026-09-24T05:22:00.000Z,50.0,1.2750846919581067,937.0870850061788,34.37,25.14,22.0,5,3,WEATHER,45.6
589,8472,KRV,2026-09-24T05:33:52.000Z,45.0,8.319802870040903,935.5870744977487,45.6,30.25,33.9,5,3,SPEED,52.71
589,8472,UGD,2026-09-24T05:37:09.000Z,50.0,0.5182504580080852,913.8624409914196,52.71,34.74,37.2,5,3,WEATHER,66.25
589,8472,CJM,2026-09-24T05:42:05.000Z,50.0,4.077015770745388,911.1629763204468,66.25,40.0,42.1,5,3,WEATHER,75.27
589,8472,KPLL,2026-09-24T05:44:41.000Z,50.0,0.5928689865988331,898.3342001540875,75.27,45.04,44.7,5,3,WEATHER,71.68
589,8472,VTM,2026-09-24T05:48:48.000Z,45.0,2.244133780459215,896.8281996307227,71.68,48.37,48.8,5,3,SPEED,69.45
589,8472,APL,2026-09-24T06:02:03.000Z,45.0,7.69367953574785,870.9233028247244,69.45,50.71,62.1,6,3,SPEED,62.46
589,8472,TSR,2026-09-24T06:06:13.000Z,80.0,0.698322593600092,841.5644457706246,62.46,51.88,66.2,6,3,NONE,62.34
589,8472,NBR,2026-09-24T06:08:56.000Z,50.0,0.6907151151905436,797.962881246302,62.34,52.83,68.9,6,3,WEATHER,70.3
589,8472,MBD,2026-09-24T06:18:19.000Z,50.0,6.411651518414203,768.7578698124796,70.3,54.29,78.3,6,3,WEATHER,77.14
589,8472,PAVP,2026-09-24T06:24:37.000Z,45.0,3.922732765172308,754.6618275189555,77.14,56.05,84.6,6,3,SPEED,69.27
589,8472,EE,2026-09-24T06:29:06.000Z,45.0,0.0041002567269932,715.9411639452281,69.27,56.99,89.1,6,3,SPEED,69.33
589,8472,BMD,2026-09-24T06:31:46.000Z,80.0,0.74477289403711,697.9254653645385,69.33,57.82,91.8,6,3,NONE,60.79
589,8472,PSDA,2026-09-24T06:36:57.000Z,50.0,2.1910924255754964,639.937957547646,60.79,58.0,97.0,6,3,WEATHER,70.41
589,8472,GVN,2026-09-24T06:41:51.000Z,50.0,0.2865773290930466,630.1992886431249,70.41,58.73,101.9,6,3,WEATHER,82.49
589,8472,KYM,2026-09-24T06:52:55.000Z,45.0,8.021796379394956,625.6325702432927,82.49,60.05,112.9,6,3,SPEED,85.14
589,8472,DWP,2026-09-24T06:57:11.000Z,80.0,1.3088611900242622,609.0001698437686,85.14,61.37,117.2,6,3,NONE,81.86
589,8472,APT,2026-09-24T07:01:24.000Z,80.0,0.6055291678170769,604.9228252750579,81.86,62.4,121.4,7,3,NONE,65.29
589,8472,MPU,2026-09-24T07:05:54.000Z,50.0,1.4312851765150634,588.3878677652635,65.29,62.53,125.9,7,3,WEATHER,68.1
589,8472,GDPT,2026-09-24T07:13:49.000Z,45.0,4.453373523330163,586.8886276143036,68.1,62.79,133.8,7,3,SPEED,69.07
589,8472,PAP,2026-09-24T07:24:41.000Z,50.0,8.983272362304572,575.0564674413175,69.07,63.06,144.7,7,3,WEATHER,80.59
589,8472,GLP,2026-09-24T07:27:44.000Z,50.0,2.1383778898084507,562.4581579554957,80.59,63.79,147.7,7,3,WEATHER,98.69
589,8472,ANV,2026-09-24T07:38:35.000Z,45.0,6.806828426324688,548.1210343299341,98.69,65.19,158.6,7,3,SPEED,82.21
589,8472,REG,2026-09-24T07:44:43.000Z,50.0,3.766812084714601,497.5477771407079,82.21,65.84,164.7,7,3,WEATHER,94.68
589,8472,KSK,2026-09-24T07:51:53.000Z,45.0,3.627926231136665,470.6338751143262,94.68,66.91,171.9,7,3,SPEED,95.66
589,8472,VSKP,2026-09-24T07:57:46.000Z,50.0,2.694321007553937,433.3847479777008,95.66,67.94,177.8,7,3,WEATHER,110.23
589,8472,SCM,2026-09-24T07:59:47.000Z,80.0,0.3754654413815457,423.29784919809634,110.23,69.39,179.8,7,3,NONE,88.01
589,8472,KUK,2026-09-24T08:02:16.000Z,50.0,0.8041030597876813,382.91672123276686,88.01,70.01,182.3,8,3,WEATHER,93.19
589,8472,PDU,2026-09-24T08:06:50.000Z,50.0,0.1391900656888446,319.91259108322123,93.19,70.76,186.8,8,3,WEATHER,94.43
589,8472,NWP,2026-09-24T08:17:09.000Z,45.0,5.7353884215488256,264.285536048742,94.43,71.5,197.2,8,3,SPEED,96.48
589,8472,PUN,2026-09-24T08:25:28.000Z,45.0,5.850957353042897,250.96011457512432,96.48,72.26,205.5,8,3,SPEED,88.37
589,8472,MMS,2026-09-24T08:31:50.000Z,45.0,3.9106210715243215,225.53994427640723,88.37,72.73,211.8,8,3,SPEED,88.73
589,8472,BAM,2026-09-24T08:34:53.000Z,50.0,0.8701857813698909,162.1144037400478,88.73,73.19,214.9,8,3,WEATHER,88.0
589,8472,JNP,2026-09-24T08:46:49.000Z,45.0,7.791838842556957,160.61291492391814,88.0,73.6,226.8,8,3,SPEED,83.24
589,8472,NRSP,2026-09-24T08:53:56.000Z,50.0,4.209515889856914,148.7813808370475,83.24,73.86,233.9,8,3,WEATHER,93.56
589,8472,CAP,2026-09-24T08:58:00.000Z,80.0,0.8941316066027161,141.8122686266693,93.56,74.38,238.0,8,3,NONE,82.45
589,8472,CAPC,2026-09-24T09:02:18.000Z,80.0,1.252386318610298,141.19802441759165,82.45,74.59,242.3,9,3,NONE,64.26
589,8472,KLJI,2026-09-24T09:05:30.000Z,80.0,0.3715420019569669,102.01878426081996,64.26,74.33,245.5,9,3,NONE,56.13
589,8472,CLKA,2026-09-24T09:09:20.000Z,50.0,1.0724375336336256,97.44726370658827,56.13,73.88,249.3,9,3,WEATHER,65.55
589,8472,BALU,2026-09-24T09:18:42.000Z,45.0,6.668484390526106,95.94653972756564,65.55,73.69,258.7,9,3,SPEED,68.96
589,8472,GNGD,2026-09-24T09:22:43.000Z,80.0,0.1265881865399674,76.69517110854343,68.96,73.58,262.7,9,3,NONE,65.63
589,8472,BSDP,2026-09-24T09:31:06.000Z,45.0,5.062086229563179,57.192736057096056,65.63,73.4,271.1,9,3,SPEED,65.08
589,8472,GLBA,2026-09-24T09:35:52.000Z,45.0,3.264277848638521,44.356528010545176,65.08,73.21,275.9,9,3,SPEED,65.82
589,8472,DLMH,2026-09-24T09:40:01.000Z,50.0,0.0628563918499799,32.52079490583829,65.82,73.05,280.0,9,3,WEATHER,64.32
589,8472,KPXR,2026-09-24T09:46:38.000Z,45.0,3.9293841351488688,31.769642387931945,64.32,72.86,286.6,9,3,SPEED,67.2
589,8472,RTN,2026-09-24T09:56:24.000Z,45.0,7.07861021843228,18.432805177055396,67.2,72.75,296.4,9,3,SPEED,67.6
584,8055,CGA,2026-10-17T17:00:00.000Z,50.0,0.6595761208989229,1558.1546612031104,0.0,0.0,0.0,17,1,WEATHER,17.52
584,8055,BSBP,2026-10-17T17:02:07.000Z,80.0,0.3120296704581032,1548.710305906565,17.52,17.52,2.1,17,1,NONE,16.67
584,8055,KGY,2026-10-17T17:06:47.000Z,50.0,0.7822770995144847,1545.8169889759672,16.67,17.09,6.8,17,1,WEATHER,29.62
584,8055,MCA,2026-10-17T17:11:21.000Z,45.0,3.219423379842425,1529.9157470232535,29.62,21.27,11.4,17,1,SPEED,35.83
584,8055,NDGJ,2026-10-17T17:15:39.000Z,80.0,0.514774033074967,1524.280630640558,35.83,24.91,15.7,17,1,NONE,31.63
584,8055,PKU,2026-10-17T17:20:52.000Z,45.0,2.865423070942521,1517.3310034540311,31.63,26.26,20.9,17,1,SPEED,34.43
584,8055,RDU,2026-10-17T17:28:03.000Z,45.0,3.548839192984369,1503.981725878147,34.43,27.62,28.1,17,1,SPEED,34.3
584,8055,KGP,2026-10-17T17:32:36.000Z,80.0,0.0571728323270177,1470.67567502193,34.3,28.57,32.6,17,1,NONE,34.07
584,8055,BPE,2026-10-17T17:41:03.000Z,50.0,6.552069742185422,1466.7290992757169,34.07,29.26,41.1,17,1,WEATHER,49.07
584,8055,KHF,2026-10-17T17:44:50.000Z,80.0,0.7954248997662575,1342.57579607242,49.07,31.46,44.8,17,1,NONE,40.52
584,8055,BNBR,2026-10-17T17:49:47.000Z,45.0,3.635988464185014,1336.1612149095229,40.52,32.37,49.8,17,1,SPEED,44.87
584,8055,SZZ,2026-10-17T18:01:23.000Z,45.0,8.699043263513893,1323.5718492600242,44.87,33.5,61.4,18,1,SPEED,43.38
584,8055,BUDR,2026-10-17T18:03:33.000Z,80.0,0.4669993053876819,1289.0112298527135,43.38,34.33,63.6,18,1,NONE,39.84
584,8055,MZZ,2026-10-17T18:07:00.000Z,50.0,0.3950298011102659,1272.992558272683,39.84,34.75,67.0,18,1,WEATHER,54.45
584,8055,DLPT,2026-10-17T18:11:18.000Z,45.0,2.9627781244042923,1271.490300761639,54.45,36.16,71.3,18,1,SPEED,62.81
584,8055,DNM,2026-10-17T18:16:30.000Z,45.0,3.095937039688215,1219.907496629383,62.81,37.94,76.5,18,1,SPEED,64.88
584,8055,SJDR,2026-10-17T18:20:06.000Z,80.0,0.3764278382713554,1202.7421133624823,64.88,39.62,80.1,18,1,NONE,56.8
584,8055,GBK,2026-10-17T18:25:48.000Z,45.0,2.7581299813719737,1181.1436636283263,56.8,40.63,85.8,18,1,SPEED,58.89
584,8055,MCS,2026-10-17T18:28:58.000Z,80.0,0.3849974967001804,1163.9991174207994,58.89,41.64,89.0,18,1,NONE,58.72
584,8055,RTN,2026-10-17T18:33:34.000Z,50.0,0.1526385688811713,1145.8565761640882,58.72,42.54,93.6,18,1,WEATHER,65.25
584,8055,MKTP,2026-10-17T18:41:51.000Z,45.0,4.158961963777437,1103.660717633982,65.25,43.68,101.9,18,1,SPEED,59.18
584,8055,KLJI,2026-10-17T18:45:49.000Z,50.0,0.679960478905452,1056.090850773872,59.18,44.42,105.8,18,1,WEATHER,79.34
584,8055,PUN,2026-10-17T18:47:58.000Z,50.0,0.5186242843605793,912.4675996161096,79.34,46.0,108.0,18,1,WEATHER,76.12
584,8055,HCM,2026-10-17T18:59:29.000Z,45.0,7.286971906728445,884.0150198756581,76.12,47.31,119.5,18,1,SPEED,73.29
584,8055,ULM,2026-10-17T19:13:06.000Z,45.0,9.280208282209369,871.1847296244731,73.29,48.4,133.1,19,1,SPEED,69.83
584,8055,PDU,2026-10-17T19:24:35.000Z,45.0,7.985108951133533,845.2698404874317,69.83,49.25,144.6,19,1,SPEED,68.12
584,8055,SCMN,2026-10-17T19:35:30.000Z,45.0,6.813270225540897,742.3608720012419,68.12,49.98,155.5,19,1,SPEED,64.6
584,8055,SCM,2026-10-17T19:39:30.000Z,80.0,1.1081950587913143,735.243943855907,64.6,50.52,159.5,19,1,NONE,59.31
584,8055,YLM,2026-10-17T19:48:29.000Z,50.0,7.119574283729857,678.9252480285983,59.31,50.83,168.5,19,1,WEATHER,67.32
584,8055,HVM,2026-10-17T19:54:46.000Z,50.0,2.8605384580834565,626.8507609731474,67.32,51.4,174.8,19,1,WEATHER,71.12
584,8055,MPU,2026-10-17T20:00:28.000Z,45.0,3.9023845667293298,574.0039345318112,71.12,52.06,180.5,20,1,SPEED,65.41
584,8055,BBPM,2026-10-17T20:04:56.000Z,45.0,2.399646879853765,561.1666682289563,65.41,52.49,184.9,20,1,SPEED,66.14
584,8055,KYM,2026-10-17T20:07:41.000Z,80.0,0.1975408956239693,539.6448995855567,66.14,52.92,187.7,20,1,NONE,63.46
584,8055,PSDA,2026-10-17T20:13:15.000Z,45.0,3.1039368695423355,522.4152043013022,63.46,53.24,193.3,20,1,SPEED,67.54
584,8055,NDD,2026-10-17T20:17:48.000Z,50.0,2.353784232596635,510.584203874801,67.54,53.66,197.8,20,1,WEATHER,78.14
584,8055,PTPU,2026-10-17T20:21:04.000Z,45.0,1.9069035338017717,496.4994281018554,78.14,54.36,201.1,20,1,SPEED,72.72
584,8055,TDD,2026-10-17T20:24:46.000Z,80.0,0.1064592512011972,488.70832627985794,72.72,54.87,204.8,20,1,NONE,62.55
584,8055,BPY,2026-10-17T20:30:17.000Z,50.0,2.512073019073463,485.1666007568482,62.55,55.07,210.3,20,1,WEATHER,76.6
584,8055,DEL,2026-10-17T20:34:32.000Z,80.0,0.9563507597212632,451.65780420726026,76.6,55.64,214.5,20,1,NONE,62.38
584,8055,GWM,2026-10-17T20:43:32.000Z,45.0,4.551622450741345,406.1518732748533,62.38,55.81,223.5,20,1,SPEED,60.58
584,8055,BZA,2026-10-17T20:47:21.000Z,50.0,0.419696984147607,382.5768518109073,60.58,55.93,227.4,20,1,WEATHER,69.21
584,8055,DIG,2026-10-17T20:51:33.000Z,80.0,1.1378045398931511,361.6867304916184,69.21,56.26,231.6,20,1,NONE,59.2
584,8055,MCVM,2026-10-17T20:59:02.000Z,45.0,4.419331322039171,328.6566685275385,59.2,56.33,239.0,20,1,SPEED,58.21
584,8055,VTM,2026-10-17T21:05:48.000Z,45.0,3.79108101876564,289.91089557840337,58.21,56.37,245.8,21,1,SPEED,64.1
584,8055,CJM,2026-10-17T21:13:08.000Z,45.0,3.711544552554922,277.32946441275493,64.1,56.55,253.1,21,1,SPEED,57.79
584,8055,TNR,2026-10-17T21:15:48.000Z,50.0,0.1224217134612491,226.97821409565933,57.79,56.57,255.8,21,1,WEATHER,70.38
584,8055,UPD,2026-10-17T21:24:35.000Z,50.0,6.13244095742586,213.89950621641424,70.38,56.87,264.6,21,1,WEATHER,73.89
584,8055,AXR,2026-10-17T21:31:31.000Z,50.0,5.019040016040426,161.8193719813774,73.89,57.24,271.5,21,1,WEATHER,67.54
584,8055,KJJ,2026-10-17T21:36:03.000Z,80.0,0.7505497749758677,141.23822060759446,67.54,57.45,276.1,21,1,NONE,66.48
584,8055,NLS,2026-10-17T21:39:44.000Z,80.0,0.1317039670533284,127.16261514388906,66.48,57.63,279.7,21,1,NONE,64.76
584,8055,KQA,2026-10-17T21:45:49.000Z,50.0,2.917825789667475,84.32164141041761,64.76,57.78,285.8,21,1,WEATHER,70.42
584,8055,NDZ,2026-10-17T21:58:14.000Z,50.0,8.026659324768262,71.73856428293989,70.42,58.03,298.2,21,1,WEATHER,73.88
584,8055,YLK,2026-10-17T22:02:23.000Z,50.0,1.6673946432984623,45.57564488009298,73.88,58.33,302.4,22,1,WEATHER,75.18
584,8055,AKY,2026-10-17T22:04:59.000Z,80.0,1.0811814679211964,37.65707491928831,75.18,58.65,305.0,22,1,NONE,65.69
584,8055,RCG,2026-10-17T22:13:44.000Z,45.0,6.005930899585944,31.48973610723655,65.69,58.78,313.7,22,1,SPEED,61.48
584,8055,RU,2026-10-17T22:27:01.000Z,45.0,9.171577871923567,18.65649401395682,61.48,58.83,327.0,22,1,SPEED,61.78
540,6009,MAS,2026-10-14T09:00:00.000Z,80.0,0.6886672934877374,819.355056804669,0.0,0.0,0.0,9,0,NONE,2.24
540,6009,VJM,2026-10-14T09:03:55.000Z,80.0,0.633085623655647,815.613228311535,2.24,2.24,3.9,9,0,NONE,6.06
540,6009,PVM,2026-10-14T09:05:57.000Z,45.0,1.194475287506192,806.3445548211628,6.06,4.15,6.0,9,0,SPEED,12.61
540,6009,ABU,2026-10-14T09:08:53.000Z,80.0,1.273240401132149,804.8917028694925,12.61,6.97,8.9,9,0,NONE,15.06
540,6009,NEC,2026-10-14T09:12:59.000Z,45.0,1.528443797678254,793.5064706467707,15.06,8.99,13.0,9,0,SPEED,23.49
540,6009,TRL,2026-10-14T09:16:01.000Z,80.0,0.5831878224506868,778.0940652113072,23.49,11.89,16.0,9,0,NONE,21.77
540,6009,KBT,2026-10-14T09:20:22.000Z,80.0,0.1117905103392407,771.817930040975,21.77,13.54,20.4,9,0,NONE,19.48
540,6009,MAF,2026-10-14T09:25:33.000Z,45.0,2.523929470342939,767.5924701293302,19.48,14.39,25.6,9,0,SPEED,23.49
540,6009,TO,2026-10-14T09:29:13.000Z,80.0,1.2765374104301277,762.1382225518907,23.49,15.52,29.2,9,0,NONE,21.46
540,6009,PLMG,2026-10-14T09:35:03.000Z,45.0,2.2550854830512765,754.7539765426716,21.46,16.18,35.1,9,0,SPEED,25.66
540,6009,AVN,2026-10-14T09:41:10.000Z,45.0,3.2151689567868758,742.1419868538419,25.66,17.13,41.2,9,0,SPEED,26.96
540,6009,TUG,2026-10-14T09:51:19.000Z,45.0,6.153306736769432,728.8008949528637,26.96,18.03,51.3,9,0,SPEED,29.61
540,6009,THL,2026-10-14T09:56:49.000Z,50.0,2.108154156728561,704.1387295980181,29.61,18.99,56.8,9,0,WEATHER,48.22
540,6009,KVN,2026-10-14T10:04:23.000Z,45.0,5.4019315618076735,677.2276558304264,48.22,21.24,64.4,10,0,SPEED,55.04
540,6009,VLT,2026-10-14T10:07:00.000Z,80.0,0.6601720190535292,656.6515063712844,55.04,23.65,67.0,10,0,NONE,47.63
540,6009,MPI,2026-10-14T10:12:05.000Z,50.0,2.5040887994531857,652.8266108619715,47.63,25.25,72.1,10,0,WEATHER,63.87
540,6009,VGM,2026-10-14T10:15:20.000Z,80.0,0.4015595225072118,631.3049877287527,63.87,27.66,75.3,10,0,NONE,54.89
540,6009,MAP,2026-10-14T10:26:43.000Z,45.0,6.919739583226979,561.0115593083709,54.89,29.27,86.7,10,0,SPEED,48.95
540,6009,BDY,2026-10-14T10:29:45.000Z,80.0,1.126537077344958,542.6838987263477,48.95,30.36,89.8,10,0,NONE,48.72
540,6009,MGSJ,2026-10-14T10:35:40.000Z,45.0,3.054449709391012,496.35043141087,48.72,31.33,95.7,10,0,SPEED,46.81
540,6009,VRPD,2026-10-14T10:39:15.000Z,80.0,0.6994564895576472,480.9071775969072,46.81,32.1,99.3,10,0,NONE,43.21
540,6009,SGE,2026-10-14T10:43:59.000Z,80.0,1.1079633851712851,453.1438992762161,43.21,32.63,104.0,10,0,NONE,44.64
540,6009,CV,2026-10-14T10:46:31.000Z,80.0,0.6721525915081142,436.7675440730395,44.64,33.18,106.5,10,0,NONE,42.5
540,6009,TPM,2026-10-14T10:51:27.000Z,80.0,1.1145759459666151,426.41845763484565,42.5,33.58,111.5,10,0,NONE,34.68
540,6009,CBF,2026-10-14T11:00:39.000Z,45.0,4.860839456400226,341.3564786370161,34.68,33.63,120.7,11,0,SPEED,35.42
540,6009,MDKI,2026-10-14T11:12:11.000Z,45.0,8.087567751220849,328.5168315312888,35.42,33.7,132.2,11,0,SPEED,34.83
540,6009,MUC,2026-10-14T11:15:01.000Z,80.0,0.6305072357564384,235.726293057198,34.83,33.74,135.0,11,0,NONE,33.34
540,6009,OLR,2026-10-14T11:17:56.000Z,80.0,0.7541807925551708,207.1321352023581,33.34,33.73,137.9,11,0,NONE,34.08
540,6009,NYI,2026-10-14T11:24:21.000Z,45.0,3.2699133117779877,199.6914753720625,34.08,33.74,144.4,11,0,SPEED,32.45
540,6009,KUC,2026-10-14T11:26:29.000Z,50.0,0.8541301517470379,175.02518838337792,32.45,33.69,146.5,11,0,WEATHER,40.88
540,6009,AFK,2026-10-14T11:32:42.000Z,45.0,4.064377622282712,173.52705663227974,40.88,33.93,152.7,11,0,SPEED,51.8
540,6009,AWY,2026-10-14T11:36:24.000Z,50.0,1.149658237342574,161.69264752168266,51.8,34.51,156.4,11,0,WEATHER,61.39
540,6009,IPL,2026-10-14T11:39:09.000Z,50.0,0.1297099984356398,150.206101781296,61.39,35.35,159.2,11,0,WEATHER,70.79
540,6009,KFE,2026-10-14T11:46:21.000Z,45.0,3.226202314723973,134.78239986021146,70.79,36.42,166.4,11,0,SPEED,73.13
540,6009,KYJ,2026-10-14T11:57:50.000Z,45.0,7.173147374859113,44.71026653397519,73.13,37.5,177.8,11,0,SPEED,70.83
540,6009,KPY,2026-10-14T12:07:37.000Z,45.0,7.325165761317189,31.376975118452275,70.83,38.46,187.6,12,0,SPEED,77.04
592,8567,VSKP,2026-10-17T06:00:00.000Z,80.0,0.0586686866782855,1365.515322310144,0.0,0.0,0.0,6,2,NONE,0.52
592,8567,DVD,2026-10-17T06:07:58.000Z,50.0,4.454955465059151,1354.4292887410577,0.52,0.52,8.0,6,2,WEATHER,20.29
592,8567,AKP,2026-10-17T06:16:16.000Z,45.0,5.827626668796946,1340.346067140228,20.29,10.41,16.3,6,2,SPEED,28.45
592,8567,TMPM,2026-10-17T06:24:11.000Z,45.0,4.0997670538076365,1262.8386628407463,28.45,16.42,24.2,6,2,SPEED,33.43
592,8567,RVD,2026-10-17T06:29:33.000Z,50.0,3.1762608835742063,1251.0004332822466,33.43,20.67,29.6,6,2,WEATHER,46.23
592,8567,PAP,2026-10-17T06:32:10.000Z,80.0,0.0590170777257753,1230.1329025923258,46.23,25.79,32.2,6,2,NONE,37.25
592,8567,KYM,2026-10-17T06:35:43.000Z,80.0,1.18692080237121,1179.7232275320866,37.25,27.7,35.7,6,2,NONE,34.53
592,8567,BMGM,2026-10-17T06:39:51.000Z,80.0,1.0232622077748763,1151.896636375204,34.53,28.67,39.9,6,2,NONE,29.9
592,8567,MRPL,2026-10-17T06:50:39.000Z,45.0,6.775176384920445,1146.5994780211142,29.9,28.83,50.7,6,2,SPEED,29.61
592,8567,TDD,2026-10-17T06:58:29.000Z,45.0,5.570307671631094,1133.261122740071,29.61,28.91,58.5,6,2,SPEED,28.88
592,8567,VGT,2026-10-17T07:05:02.000Z,45.0,4.044008565190385,1120.4304130085889,28.88,28.91,65.0,7,2,SPEED,34.87
592,8567,PRH,2026-10-17T07:07:45.000Z,80.0,1.0383358948513228,1079.7554063942755,34.87,29.45,67.8,7,2,NONE,29.24
592,8567,VRVL,2026-10-17T07:11:20.000Z,50.0,2.087565132371752,1057.2655695520368,29.24,29.43,71.3,7,2,WEATHER,40.0
592,8567,MBD,2026-10-17T07:14:09.000Z,80.0,0.2042039331302205,1034.0050662326776,40.0,30.25,74.2,7,2,NONE,36.41
592,8567,BZA,2026-10-17T07:18:44.000Z,80.0,0.2293812899443891,1021.4754841564868,36.41,30.69,78.7,7,2,NONE,29.96
592,8567,NVC,2026-10-17T07:22:27.000Z,80.0,1.2879212793106083,946.0817591258804,29.96,30.64,82.5,7,2,NONE,30.19
592,8567,PPY,2026-10-17T07:30:33.000Z,45.0,5.439066774604667,914.0899849363268,30.19,30.61,90.6,7,2,SPEED,37.2
592,8567,GUU,2026-10-17T07:35:25.000Z,50.0,2.016177784333132,889.4276222199248,37.2,31.0,95.4,7,2,WEATHER,50.33
592,8567,RGP,2026-10-17T07:39:48.000Z,50.0,2.885400717930213,773.1884487009761,50.33,32.07,99.8,7,2,WEATHER,60.1
592,8567,WP,2026-10-17T07:44:16.000Z,50.0,0.3458254364808532,735.1276551315855,60.1,33.55,104.3,7,2,WEATHER,72.46
592,8567,BN,2026-10-17T07:47:57.000Z,80.0,0.2162080401344614,711.4524546033008,72.46,35.49,108.0,7,2,NONE,72.24
592,8567,LGDH,2026-10-17T07:50:20.000Z,80.0,0.7950525668218715,677.867090914317,72.24,37.24,110.3,7,2,NONE,63.56
592,8567,DYE,2026-10-17T07:54:23.000Z,80.0,0.1845297751019149,675.3133796703494,63.56,38.44,114.4,7,2,NONE,55.93
592,8567,BOZ,2026-10-17T07:58:20.000Z,45.0,0.556296138691931,668.273611894861,55.93,39.2,118.3,7,2,SPEED,52.06
592,8567,BMO,2026-10-17T08:02:30.000Z,80.0,0.3674578187574573,666.3378490261543,52.06,39.73,122.5,8,2,NONE,47.83
592,8567,GDPL,2026-10-17T08:06:54.000Z,80.0,0.8366344633253939,661.9462000165577,47.83,40.06,126.9,8,2,NONE,38.4
592,8567,MED,2026-10-17T08:11:44.000Z,45.0,2.7940673598560597,655.442110362115,38.4,39.99,131.7,8,2,SPEED,44.48
592,8567,DBV,2026-10-17T08:13:51.000Z,80.0,1.2962884242224664,650.0386803397957,44.48,40.16,133.9,8,2,NONE,36.74
592,8567,PAPM,2026-10-17T08:16:59.000Z,80.0,0.847629375353766,636.5508282972944,36.74,40.04,137.0,8,2,NONE,29.77
592,8567,ME,2026-10-17T08:23:38.000Z,45.0,4.193173817682256,629.5281811595926,29.77,39.68,143.6,8,2,SPEED,31.82
592,8567,SHAN,2026-10-17T08:25:39.000Z,80.0,0.4924163014708616,622.5130271105711,31.82,39.42,145.7,8,2,NONE,27.92
592,8567,MZL,2026-10-17T08:28:38.000Z,80.0,1.0706919883201222,609.5003200155536,27.92,39.05,148.6,8,2,NONE,26.52
592,8567,THPR,2026-10-17T08:34:18.000Z,45.0,2.863257873536273,590.7807140657899,26.52,38.66,154.3,8,2,SPEED,28.67
592,8567,IDL,2026-10-17T08:43:15.000Z,45.0,6.457628501017186,552.0260910340678,28.67,38.36,163.3,8,2,SPEED,30.0
592,8567,JKM,2026-10-17T08:46:20.000Z,80.0,0.1398846966792755,518.8959996163492,30.0,38.11,166.3,8,2,NONE,26.69
592,8567,SQE,2026-10-17T08:49:47.000Z,80.0,0.3425083143923501,480.547360096711,26.69,37.78,169.8,8,2,NONE,27.38
592,8567,PAU,2026-10-17T08:53:48.000Z,50.0,0.0694425220600002,388.3351590494081,27.38,37.5,173.8,8,2,WEATHER,44.95
592,8567,PIZ,2026-10-17T08:58:21.000Z,50.0,2.164602112368515,372.3640112368302,44.95,37.7,178.4,8,2,WEATHER,51.22
592,8567,UPR,2026-10-17T09:09:20.000Z,45.0,7.617728832258854,306.6853564202189,51.22,38.05,189.3,9,2,SPEED,44.41
592,8567,RNE,2026-10-17T09:15:48.000Z,45.0,3.473054692939448,280.7705320484755,44.41,38.22,195.8,9,2,SPEED,54.24
592,8567,KMV,2026-10-17T09:26:24.000Z,50.0,8.624808872878429,217.3452154309649,54.24,38.62,206.4,9,2,WEATHER,63.33
592,8567,AWB,2026-10-17T09:34:23.000Z,45.0,5.546540952888126,190.4260706124112,63.33,39.22,214.4,9,2,SPEED,58.6
592,8567,YL,2026-10-17T09:48:19.000Z,50.0,9.915681527574808,62.351375514100624,58.6,39.68,228.3,9,2,WEATHER,71.47
592,8567,SNVR,2026-10-17T09:56:37.000Z,45.0,4.963462244837972,35.43096380827167,71.47,40.42,236.6,9,2,SPEED,77.37
592,8567,PB,2026-10-17T10:09:19.000Z,45.0,7.909078291891847,22.838335297605045,77.37,41.26,249.3,10,2,SPEED,71.45
495,1494,BJP,2026-09-09T08:00:00.000Z,80.0,1.298645652114495,235.77939398444605,0.0,0.0,0.0,8,4,NONE,2.11
495,1494,IMR,2026-09-09T08:04:54.000Z,80.0,1.110649953571882,231.76871847188409,2.11,2.11,4.9,8,4,NONE,4.02
495,1494,BENL,2026-09-09T08:12:06.000Z,45.0,3.30808696280743,183.2995938932295,4.02,3.07,12.1,8,4,SPEED,12.61
495,1494,LMT,2026-09-09T08:16:09.000Z,80.0,1.3215058974339997,176.60926486358727,12.61,6.25,16.2,8,4,NONE,11.31
495,1494,SII,2026-09-09T08:22:53.000Z,45.0,2.9800803546419186,170.71670401743927,11.31,7.51,22.9,8,4,SPEED,16.55
495,1494,YGA,2026-09-09T08:32:03.000Z,45.0,6.496070499439394,118.61742041651404,16.55,9.32,32.1,8,4,SPEED,26.97
495,1494,BLR,2026-09-09T08:41:33.000Z,50.0,5.986946454441385,81.35012661255658,26.97,12.26,41.6,8,4,WEATHER,43.48
514,4201,LKO,2026-09-03T01:00:00.000Z,80.0,0.9660554553102352,505.9951663634656,0.0,0.0,0.0,1,5,NONE,1.1
514,4201,AMG,2026-09-03T01:02:15.000Z,80.0,0.560607016459683,498.8895989154108,1.1,1.1,2.3,1,5,NONE,2.01
514,4201,DIL,2026-09-03T01:09:50.000Z,45.0,4.420528308969349,479.85152078653584,2.01,1.56,9.8,1,5,SPEED,8.81
514,4201,BGH,2026-09-03T01:12:44.000Z,50.0,1.8882663802403936,429.7572397901196,8.81,3.98,12.7,1,5,WEATHER,19.53
514,4201,MST,2026-09-03T01:16:23.000Z,80.0,0.2732769414867637,422.1370072263453,19.53,7.86,16.4,1,5,NONE,14.95
514,4201,KUF,2026-09-03T01:28:23.000Z,45.0,7.079072536698183,402.353690236896,14.95,9.28,28.4,1,5,SPEED,23.87
514,4201,KH,2026-09-03T01:39:41.000Z,45.0,6.901406358159096,363.5686103517936,23.87,11.71,39.7,1,5,SPEED,26.34
514,4201,BTRA,2026-09-03T01:48:09.000Z,50.0,6.116425434844178,338.91306159669347,26.34,13.8,48.2,1,5,WEATHER,34.71
514,4201,MK,2026-09-03T01:52:12.000Z,50.0,0.1833670768664752,313.5015446343747,34.71,16.42,52.2,1,5,WEATHER,45.14
514,4201,KSRK,2026-09-03T01:55:29.000Z,45.0,0.3090905424572728,311.99782378207385,45.14,19.61,55.5,1,5,SPEED,47.41
514,4201,RYS,2026-09-03T01:58:05.000Z,50.0,0.7547899155797272,278.7673784779247,47.41,22.39,58.1,1,5,WEATHER,51.22
514,4201,BE,2026-09-03T02:02:56.000Z,80.0,1.1159575852682442,268.82827120626024,51.22,25.01,62.9,2,5,NONE,39.34
514,4201,PKRA,2026-09-03T02:06:08.000Z,80.0,0.9913438020501736,255.98028164828384,39.34,26.2,66.1,2,5,NONE,38.4
514,4201,DAM,2026-09-03T02:17:22.000Z,45.0,6.600395010033687,221.93980049820388,38.4,27.14,77.4,2,5,SPEED,34.67
514,4201,RMU,2026-09-03T02:22:23.000Z,45.0,3.4179958601163216,208.6010290057496,34.67,27.68,82.4,2,5,SPEED,40.92
514,4201,DLP,2026-09-03T02:31:58.000Z,45.0,5.568008099285961,195.76125627786163,40.92,28.56,92.0,2,5,SPEED,46.4
514,4201,KGF,2026-09-03T02:36:18.000Z,45.0,1.1395198627727188,183.1812807366484,46.4,29.68,96.3,2,5,SPEED,50.08
514,4201,MB,2026-09-03T02:39:14.000Z,80.0,1.1209087980339354,180.09100288872224,50.08,30.88,99.2,2,5,NONE,46.32
514,4201,AMRO,2026-09-03T02:51:23.000Z,45.0,8.370659382441797,157.01314463043576,46.32,31.74,111.4,2,5,SPEED,45.84
514,4201,KHE,2026-09-03T02:55:11.000Z,50.0,1.6380671394693305,119.7510221785272,45.84,32.48,115.2,2,5,WEATHER,54.29
514,4201,SMBL,2026-09-03T03:07:49.000Z,50.0,9.5252074132637,106.4102955235149,54.29,33.57,127.8,3,5,WEATHER,65.18
514,4201,GZB,2026-09-03T03:11:46.000Z,80.0,0.1981213897440058,23.253667944718707,65.18,35.07,131.8,3,5,NONE,57.33
514,4201,CNJ,2026-09-03T03:17:11.000Z,45.0,2.304044844646251,14.843021383773056,57.33,36.09,137.2,3,5,SPEED,53.71
514,4201,CSB,2026-09-03T03:19:59.000Z,45.0,0.8999519971732516,2.0179379888642583,53.71,36.85,140.0,3,5,SPEED,49.44
515,4202,HPU,2026-09-19T22:00:00.000Z,80.0,1.175114710800282,447.4695956142603,0.0,0.0,0.0,22,2,NONE,0.34
515,4202,QXR,2026-09-19T22:03:23.000Z,80.0,0.0908692516072614,433.3039601110261,0.34,0.34,3.4,22,2,NONE,0.6
515,4202,KFPR,2026-09-19T22:06:29.000Z,80.0,0.3741517981198126,368.3611618791196,0.6,0.47,6.5,22,2,NONE,1.12
515,4202,LDP,2026-09-19T22:15:00.000Z,45.0,4.906071346025432,338.1756959100026,1.12,0.69,15.0,22,2,SPEED,11.18
515,4202,KGF,2026-09-19T22:19:15.000Z,45.0,1.857446343177689,324.8447963774576,11.18,3.31,19.3,22,2,SPEED,18.41
515,4202,KGFR,2026-09-19T22:23:12.000Z,80.0,0.825106363887658,322.50302950050644,18.41,6.33,23.2,22,2,NONE,18.18
515,4202,SAR,2026-09-19T22:28:29.000Z,45.0,3.8437639755068775,299.4332998623276,18.18,8.31,28.5,22,2,SPEED,21.09
515,4202,MIL,2026-09-19T22:31:59.000Z,50.0,0.3517772961112306,277.13644084504784,21.09,10.13,32.0,22,2,WEATHER,27.25
515,4202,PKRA,2026-09-19T22:36:08.000Z,50.0,0.3736666106323763,250.41383967255416,27.25,12.27,36.1,22,2,WEATHER,42.03
515,4202,RYS,2026-09-19T22:39:35.000Z,80.0,0.5002247522737955,227.5167470980843,42.03,15.58,39.6,22,2,NONE,32.22
515,4202,BLPU,2026-09-19T22:50:54.000Z,45.0,6.574238520958557,208.6002269447412,32.22,17.24,50.9,22,2,SPEED,34.01
515,4202,MK,2026-09-19T22:54:12.000Z,80.0,1.2807120866076889,192.99164543725487,34.01,18.77,54.2,22,2,NONE,32.88
515,4202,TLH,2026-09-19T22:57:55.000Z,50.0,1.9178133077714885,183.93236297284253,32.88,19.94,57.9,22,2,WEATHER,43.71
515,4202,BHDH,2026-09-19T23:02:33.000Z,80.0,0.8788556756644259,178.27346418264003,43.71,21.77,62.6,23,2,NONE,34.82
515,4202,KH,2026-09-19T23:06:03.000Z,80.0,0.6959623810095068,149.0578692955304,34.82,22.7,66.1,23,2,NONE,32.84
515,4202,TDP,2026-09-19T23:09:50.000Z,80.0,0.6775250481097806,125.77603273522804,32.84,23.38,69.8,23,2,NONE,30.15
515,4202,KUF,2026-09-19T23:23:10.000Z,45.0,8.49419203235654,118.24868524031424,30.15,23.8,83.2,23,2,SPEED,33.11
515,4202,AMG,2026-09-19T23:26:33.000Z,50.0,0.6855084990863236,7.385627508290566,33.11,24.35,86.6,23,2,WEATHER,45.6
536,6005,MAS,2026-10-10T15:00:00.000Z,80.0,0.7486673168387422,819.4150568280199,0.0,0.0,0.0,15,1,NONE,0.17
536,6005,PVM,2026-10-10T15:04:39.000Z,45.0,1.1345169116008076,806.2845964452573,0.17,0.17,4.7,15,1,SPEED,5.83
536,6005,TMVL,2026-10-10T15:09:06.000Z,80.0,0.9795128617306316,802.9156234535286,5.83,3.0,9.1,15,1,NONE,6.27
536,6005,NEC,2026-10-10T15:12:44.000Z,45.0,1.4691520260471798,793.4471788751396,6.27,4.09,12.7,15,1,SPEED,14.59
536,6005,TI,2026-10-10T15:17:32.000Z,80.0,0.5175198747578461,790.4862207583045,14.59,6.72,17.5,15,1,NONE,12.98
536,6005,VEU,2026-10-10T15:21:22.000Z,80.0,0.1285981000454037,787.0410437777489,12.98,7.97,21.4,15,1,NONE,10.9
536,6005,MAF,2026-10-10T15:26:55.000Z,45.0,2.4635960178267746,767.532136676814,10.9,8.46,26.9,15,1,SPEED,15.76
536,6005,TO,2026-10-10T15:30:05.000Z,80.0,1.3375371658163608,762.199222307277,15.76,9.5,30.1,15,1,NONE,14.02
536,6005,PLMG,2026-10-10T15:35:47.000Z,45.0,2.1945022200427267,754.6933932796629,14.02,10.07,35.8,15,1,SPEED,20.29
536,6005,AJJ,2026-10-10T15:40:15.000Z,80.0,1.1635638335445446,751.6738762540117,20.29,11.2,40.3,15,1,NONE,15.66
536,6005,CTRE,2026-10-10T15:44:12.000Z,50.0,0.0530588951735271,742.8290575500456,15.66,11.65,44.2,15,1,WEATHER,23.79
536,6005,AVN,2026-10-10T15:50:42.000Z,45.0,3.153378359860054,742.0801962569151,23.79,12.75,50.7,15,1,SPEED,24.85
536,6005,TUG,2026-10-10T15:59:27.000Z,45.0,6.091766186889339,728.7393544029836,24.85,13.76,59.5,15,1,SPEED,29.91
536,6005,LTI,2026-10-10T16:11:57.000Z,45.0,7.570675024048358,690.0069734194232,29.91,15.0,72.0,16,1,SPEED,31.69
536,6005,VJ,2026-10-10T16:14:56.000Z,50.0,0.6757631911056724,678.6738959344618,31.69,16.2,74.9,16,1,WEATHER,39.37
536,6005,KVN,2026-10-10T16:23:18.000Z,45.0,5.342557626121195,677.16828189474,39.37,17.74,83.3,16,1,SPEED,40.57
536,6005,VGM,2026-10-10T16:35:07.000Z,45.0,7.531921374281384,638.4353495805269,40.57,19.17,95.1,16,1,SPEED,37.33
536,6005,SLY,2026-10-10T16:38:01.000Z,50.0,0.5328474001399104,578.0099378588857,37.33,20.24,98.0,16,1,WEATHER,42.56
536,6005,MAP,2026-10-10T16:49:26.000Z,45.0,6.862199032683601,560.9540187578276,42.56,21.48,109.4,16,1,SPEED,47.21
536,6005,DSPT,2026-10-10T16:51:41.000Z,80.0,0.1560601061353913,513.1988066838729,47.21,22.83,111.7,16,1,NONE,43.46
536,6005,MGSJ,2026-10-10T16:56:11.000Z,45.0,3.005533135380927,496.30151483686,43.46,23.86,116.2,16,1,SPEED,45.04
536,6005,SA,2026-10-10T17:00:26.000Z,80.0,0.3523781792169567,490.34427340752194,45.04,24.87,120.4,17,1,NONE,36.71
536,6005,VRPD,2026-10-10T17:04:24.000Z,80.0,0.7479954722593174,480.9557165796088,36.71,25.41,124.4,17,1,NONE,33.9
536,6005,ED,2026-10-10T17:07:09.000Z,50.0,1.3894921463102836,432.8687916394516,33.9,25.78,127.2,17,1,WEATHER,42.23
536,6005,CBF,2026-10-10T17:15:09.000Z,45.0,4.806298780413167,341.301937961029,42.23,26.46,135.2,17,1,SPEED,46.65
536,6005,MDKI,2026-10-10T17:25:59.000Z,45.0,8.032652760064988,328.46191654013296,46.65,27.27,146.0,17,1,SPEED,42.07
536,6005,NYI,2026-10-10T17:33:13.000Z,45.0,3.213205450391266,199.63476751067583,42.07,27.84,153.2,17,1,SPEED,44.31
536,6005,CKI,2026-10-10T17:40:08.000Z,50.0,3.4227232399017016,187.80406269251276,44.31,28.45,160.1,17,1,WEATHER,54.06
536,6005,DINR,2026-10-10T17:42:47.000Z,80.0,0.9967349774876004,182.96070331902413,54.06,29.36,162.8,17,1,NONE,42.6
536,6005,KRAN,2026-10-10T17:44:59.000Z,80.0,0.1283360266128964,178.5578962122154,42.6,29.82,165.0,17,1,NONE,40.71
536,6005,AFK,2026-10-10T17:51:17.000Z,45.0,4.008710988126679,173.4713899981237,40.71,30.18,171.3,17,1,SPEED,43.7
536,6005,ERN,2026-10-10T17:56:29.000Z,50.0,3.919520316890355,149.0583933917178,43.7,30.62,176.5,17,1,WEATHER,55.39
536,6005,ERS,2026-10-10T17:59:19.000Z,80.0,0.4096972237995925,143.0472110772739,55.39,31.39,179.3,17,1,NONE,45.51
536,6005,KFE,2026-10-10T18:03:42.000Z,45.0,3.1702862585510774,134.72648380403854,45.51,31.82,183.7,18,1,SPEED,49.09
536,6005,KTYM,2026-10-10T18:07:10.000Z,80.0,0.6475414856294593,89.27105639068617,49.09,32.33,187.2,18,1,NONE,46.77
536,6005,TRVL,2026-10-10T18:17:12.000Z,50.0,6.635424609216721,71.55977620376174,46.77,32.74,197.2,18,1,WEATHER,56.74
536,6005,KYJ,2026-10-10T18:28:14.000Z,45.0,7.116856775552869,44.65397593466895,56.74,33.41,208.2,18,1,SPEED,61.53
536,6005,KPY,2026-10-10T18:40:38.000Z,45.0,7.26849942349661,31.32030878063169,61.53,34.17,220.6,18,1,SPEED,57.03
536,6005,MQO,2026-10-10T18:44:02.000Z,80.0,0.8030900289052351,13.414904245186063,57.03,34.77,224.0,18,1,NONE,45.36
558,6618,VRLR,2026-09-21T16:00:00.000Z,50.0,0.2508825672675074,452.4217696191522,0.0,0.0,0.0,16,1,WEATHER,15.31
558,6618,KZT,2026-09-21T16:10:06.000Z,45.0,5.566663885667948,436.7575801592616,15.31,15.31,10.1,16,1,SPEED,18.27
558,6618,DAVM,2026-09-21T16:14:07.000Z,80.0,0.9885069443429536,418.14451310445054,18.27,16.79,14.1,16,1,NONE,16.01
558,6618,BRAM,2026-09-21T16:19:24.000Z,45.0,3.541967654193713,410.840669841174,16.01,16.53,19.4,16,1,SPEED,20.2
558,6618,TVC,2026-09-21T16:27:55.000Z,50.0,4.889542707569562,399.5034582683064,20.2,17.45,27.9,16,1,WEATHER,36.01
558,6618,KZK,2026-09-21T16:33:44.000Z,45.0,3.3036993865591704,385.4022575099364,36.01,21.16,33.7,16,1,SPEED,32.05
558,6618,VAK,2026-09-21T16:41:54.000Z,50.0,5.219067752002874,360.73024380239,32.05,22.98,41.9,16,1,WEATHER,40.35
558,6618,MYY,2026-09-21T16:45:37.000Z,80.0,0.1850888342924851,341.6998926582633,40.35,25.46,45.6,16,1,NONE,40.46
558,6618,PRND,2026-09-21T16:55:06.000Z,45.0,6.923192694625985,333.3197557473441,40.46,27.33,55.1,16,1,SPEED,41.74
558,6618,MQO,2026-09-21T16:59:44.000Z,50.0,0.9070791307961312,321.9870913354566,41.74,28.93,59.7,16,1,WEATHER,50.01
558,6618,STKT,2026-09-21T17:06:59.000Z,45.0,3.791595097431616,320.4829649881233,50.01,31.04,67.0,17,1,SPEED,59.79
558,6618,MVLK,2026-09-21T17:16:14.000Z,50.0,7.2021918906179785,296.0794663551003,59.79,33.65,76.2,17,1,WEATHER,71.44
558,6618,CNGR,2026-09-21T17:23:33.000Z,45.0,4.335604779344184,281.74532898789795,71.44,36.8,83.6,17,1,SPEED,70.7
558,6618,ETM,2026-09-21T17:27:33.000Z,80.0,0.7682084199176242,236.5518277443633,70.7,39.41,87.6,17,1,NONE,58.73
558,6618,KFE,2026-09-21T17:31:33.000Z,45.0,2.121667619714243,204.2572964951681,58.73,40.79,91.6,17,1,SPEED,61.34
558,6618,TRTR,2026-09-21T17:35:34.000Z,80.0,0.5996733859572992,198.7892997297504,61.34,42.16,95.6,17,1,NONE,55.75
558,6618,AWY,2026-09-21T17:44:22.000Z,45.0,5.189406829303814,178.3382439659051,55.75,43.01,104.4,17,1,SPEED,57.56
558,6618,NYI,2026-09-21T17:49:48.000Z,50.0,3.825952507436766,141.0962168680935,57.56,43.87,109.8,17,1,WEATHER,66.57
558,6618,TCR,2026-09-21T17:58:08.000Z,45.0,5.058544204412051,126.76179031102156,66.57,45.13,118.1,17,1,SPEED,66.98
558,6618,WKI,2026-09-21T18:01:56.000Z,80.0,1.122331936848738,107.0750251639907,66.98,46.28,121.9,18,1,NONE,62.7
558,6618,LDY,2026-09-21T18:06:23.000Z,50.0,2.784181589879713,76.16605020527221,62.7,47.1,126.4,18,1,WEATHER,72.2
558,6618,KJKD,2026-09-21T18:09:18.000Z,50.0,0.1105311830393504,37.40688469823158,72.2,48.29,129.3,18,1,WEATHER,78.2
558,6618,MDKI,2026-09-21T18:12:28.000Z,50.0,0.4252764485417277,13.687839089415103,78.2,49.65,132.5,18,1,WEATHER,85.35
566,7003,KQD,2026-09-02T10:00:00.000Z,80.0,0.2963636230787606,959.1586824847676,0.0,0.0,0.0,10,6,NONE,2.25
566,7003,NLRD,2026-09-02T10:03:35.000Z,80.0,0.6110238969794791,958.4513353619376,2.25,2.25,3.6,10,6,NONE,8.14
566,7003,BMT,2026-09-02T10:06:10.000Z,80.0,0.1611221278775919,956.2162007197038,8.14,5.19,6.2,10,6,NONE,9.24
566,7003,SJVP,2026-09-02T10:09:42.000Z,80.0,0.9875480216927012,955.2037194442844,9.24,6.54,9.7,10,6,NONE,8.95
566,7003,JET,2026-09-02T10:12:32.000Z,50.0,0.5901459388757722,953.5751638532972,8.95,7.14,12.5,10,6,WEATHER,27.78
566,7003,BG,2026-09-02T10:19:50.000Z,50.0,4.725623211227537,911.982506272548,27.78,11.27,19.8,10,6,WEATHER,31.15
566,7003,RAG,2026-09-02T10:23:27.000Z,50.0,0.223095212549519,902.094342662996,31.15,14.58,23.5,10,6,WEATHER,45.06
566,7003,PTKP,2026-09-02T10:35:30.000Z,45.0,8.074334023158743,781.3963606460071,45.06,18.94,35.5,10,6,SPEED,45.26
566,7003,RGPM,2026-09-02T10:37:49.000Z,50.0,0.8929935923084358,744.1538614372606,45.26,22.23,37.8,10,6,WEATHER,55.99
566,7003,RDM,2026-09-02T10:50:10.000Z,45.0,8.86467941621233,742.6568622871885,55.99,25.98,50.2,10,6,SPEED,62.22
566,7003,MMZ,2026-09-02T10:54:02.000Z,80.0,1.3105641867689828,711.3404910594542,62.22,29.6,54.0,10,6,NONE,55.78
566,7003,CAF,2026-09-02T10:57:47.000Z,50.0,1.4075424317302572,589.1389552883224,55.78,31.98,57.8,10,6,WEATHER,66.54
566,7003,AJU,2026-09-02T11:02:10.000Z,50.0,0.1755769617190633,436.14713657380935,66.54,34.86,62.2,11,6,WEATHER,76.97
566,7003,HDM,2026-09-02T11:14:33.000Z,50.0,8.433383858385396,382.06452120227766,76.97,38.1,74.6,11,6,WEATHER,80.59
566,7003,JTR,2026-09-02T11:23:08.000Z,45.0,5.020259568635063,290.48197678868763,80.59,41.14,83.1,11,6,SPEED,73.14
566,7003,BAKL,2026-09-02T11:33:19.000Z,45.0,6.01712976815,277.64961465524806,73.14,43.27,93.3,11,6,SPEED,67.22
566,7003,DURG,2026-09-02T11:46:16.000Z,45.0,7.576445979100562,238.8936251550104,67.22,44.77,106.3,11,6,SPEED,60.87
566,7003,BPHB,2026-09-02T11:54:11.000Z,45.0,3.780867388724596,226.31640224873672,60.87,45.71,114.2,11,6,SPEED,63.53
566,7003,SZB,2026-09-02T11:57:54.000Z,50.0,0.7703089119266089,201.65364266432687,63.53,46.7,117.9,11,6,WEATHER,71.57
566,7003,SRWN,2026-09-02T12:01:35.000Z,45.0,2.4215134656518438,200.15891721861829,71.57,48.01,121.6,12,6,SPEED,59.88
566,7003,MDH,2026-09-02T12:08:30.000Z,50.0,5.506207494202693,188.32673997396037,59.88,48.61,128.5,12,6,WEATHER,68.19
566,7003,HN,2026-09-02T12:12:27.000Z,50.0,2.819111708062702,149.564138952856,68.19,49.54,132.5,12,6,WEATHER,64.88
566,7003,CHBT,2026-09-02T12:15:31.000Z,50.0,2.546801798882443,98.2287923838543,64.88,50.24,135.5,12,6,WEATHER,72.48
566,7003,SRBA,2026-09-02T12:22:45.000Z,45.0,4.942506024853398,19.230940722190205,72.48,51.2,142.8,12,6,SPEED,73.87
566,7003,URGA,2026-09-02T12:26:41.000Z,50.0,0.426603172820396,8.754236571135595,73.87,52.15,146.7,12,6,WEATHER,81.22
562,6838,MNM,2026-10-23T15:00:00.000Z,80.0,0.4286666871854483,60.597227893335855,0.0,0.0,0.0,15,5,NONE,4.26
562,6838,NTS,2026-10-23T15:03:26.000Z,50.0,1.9500431778543224,36.77510773178236,4.26,4.26,3.4,15,5,WEATHER,23.86
562,6838,DKO,2026-10-23T15:13:07.000Z,50.0,5.985588185128828,10.859701406484252,23.86,14.06,13.1,15,5,WEATHER,30.5
565,6948,UBL,2026-10-04T14:00:00.000Z,80.0,0.3660090407913695,170.9740386581783,0.0,0.0,0.0,14,5,NONE,0.69
565,6948,LWR,2026-10-04T14:04:46.000Z,50.0,0.103748600477178,121.3120795035801,0.69,0.69,4.8,14,5,WEATHER,20.79
565,6948,BIE,2026-10-04T14:09:07.000Z,45.0,2.262455136860465,119.81171605138522,20.79,10.74,9.1,14,5,SPEED,23.98
565,6948,DEV,2026-10-04T14:15:59.000Z,45.0,4.644579273953045,106.97793733556152,23.98,15.15,16.0,14,5,SPEED,27.14
565,6948,LD,2026-10-04T14:21:58.000Z,50.0,3.092727016488681,95.14258624397056,27.14,18.15,22.0,14,5,WEATHER,42.18
565,6948,DWF,2026-10-04T14:24:43.000Z,80.0,0.3412199727459446,62.23422183815511,42.18,22.95,24.7,14,5,NONE,39.11
559,6621,VNJ,2026-10-18T08:00:00.000Z,50.0,3.697003796244825,377.0579789770601,0.0,0.0,0.0,8,0,WEATHER,13.49
559,6621,ED,2026-10-18T08:03:46.000Z,50.0,0.6474174730467523,316.6644410915143,13.49,13.49,3.8,8,0,WEATHER,30.98
559,6621,ANU,2026-10-18T08:17:14.000Z,45.0,8.196546445121118,311.37666216018,30.98,22.23,17.2,8,0,SPEED,41.11
559,6621,MGSJ,2026-10-18T08:20:10.000Z,80.0,0.8147626440014736,255.0151040541313,41.11,28.53,20.2,8,0,NONE,40.69
559,6621,KPPR,2026-10-18T08:23:59.000Z,80.0,0.3086193435369765,251.3381516295569,40.69,31.57,24.0,8,0,NONE,35.1
559,6621,LCR,2026-10-18T08:36:45.000Z,45.0,8.021344229371557,233.8837328654737,35.1,32.27,36.8,8,0,SPEED,41.38
559,6621,DPI,2026-10-18T08:40:07.000Z,80.0,0.5189601018994456,186.84733046261803,41.38,33.79,40.1,8,0,NONE,34.53
559,6621,DST,2026-10-18T08:46:11.000Z,50.0,4.92811151161184,183.3131514036159,34.53,33.9,46.2,8,0,WEATHER,49.32
559,6621,KNNT,2026-10-18T08:54:26.000Z,45.0,4.826830642202588,169.2161590981268,49.32,35.83,54.4,8,0,SPEED,54.1
559,6621,KPN,2026-10-18T08:57:58.000Z,50.0,0.4860010988783645,105.81531403471118,54.1,37.86,58.0,8,0,WEATHER,64.14
559,6621,GDP,2026-10-18T09:10:23.000Z,45.0,9.17116399314792,105.06235561316282,64.14,40.48,70.4,9,0,SPEED,62.22
559,6621,BAND,2026-10-18T09:15:07.000Z,45.0,2.9628270127430314,14.216037498863964,62.22,42.46,75.1,9,0,SPEED,63.29
505,2424,DHRY,2026-09-20T08:00:00.000Z,45.0,3.321808518246919,415.6678035022354,0.0,0.0,0.0,8,3,SPEED,10.34
505,2424,LCT,2026-09-20T08:07:39.000Z,50.0,6.160437548766246,365.0729304249468,10.34,10.34,7.7,8,3,WEATHER,23.28
505,2424,RXRX,2026-09-20T08:09:50.000Z,45.0,0.358106929896148,312.0094072789761,23.28,16.81,9.8,8,3,SPEED,23.69
505,2424,CJA,2026-09-20T08:11:55.000Z,50.0,0.1056326180979165,287.5834446430951,23.69,19.1,11.9,8,3,WEATHER,39.89
505,2424,NJN,2026-09-20T08:21:19.000Z,45.0,6.793330389812232,286.09466149429375,39.89,24.3,21.3,8,3,SPEED,43.15
505,2424,OTN,2026-09-20T08:29:20.000Z,45.0,4.596691873078149,247.34125513822616,43.15,28.07,29.3,8,3,SPEED,49.22
505,2424,KQY,2026-09-20T08:34:17.000Z,50.0,2.130522975109651,210.08967610233205,49.22,31.6,34.3,8,3,WEATHER,57.68
505,2424,NAM,2026-09-20T08:39:13.000Z,50.0,0.3156528631531944,82.46341589634143,57.68,35.32,39.2,8,3,WEATHER,69.92
505,2424,NHK,2026-09-20T08:43:51.000Z,80.0,1.190678807091922,72.55887014902875,69.92,39.65,43.9,8,3,NONE,59.13
505,2424,TSK,2026-09-20T08:46:05.000Z,80.0,0.4859767108349841,46.56804095482003,59.13,41.81,46.1,8,3,NONE,53.09
531,5306,RPO,2026-09-10T13:00:00.000Z,80.0,0.2386305894428974,131.03851557119918,0.0,0.0,0.0,13,3,NONE,1.03
531,5306,CBR,2026-09-10T13:02:08.000Z,80.0,0.3111371427805345,114.601086681831,1.03,1.03,2.1,13,3,NONE,2.37
531,5306,KHDP,2026-09-10T13:08:55.000Z,45.0,4.1776628661465125,45.78447209205759,2.37,1.7,8.9,13,3,SPEED,10.25
531,5306,GHJ,2026-09-10T13:11:23.000Z,50.0,0.7157289486266856,37.0628010871292,10.25,4.55,11.4,13,3,WEATHER,19.72
531,5306,KDJ,2026-09-10T13:14:11.000Z,80.0,0.7772841575362353,27.34242645383878,19.72,8.34,14.2,13,3,NONE,19.59
531,5306,KLJ,2026-09-10T13:18:36.000Z,80.0,0.7166547375413246,14.412121330938277,19.59,10.59,18.6,13,3,NONE,19.02
587,8114,BSP,2026-10-30T10:00:00.000Z,80.0,0.1639977289308755,456.92583221201295,0.0,0.0,0.0,10,3,NONE,4.15
587,8114,SKT,2026-10-30T10:10:07.000Z,50.0,6.292054988894144,380.9323993413499,4.15,4.15,10.1,10,3,WEATHER,18.22
587,8114,KDTR,2026-10-30T10:20:08.000Z,50.0,8.328457396126165,342.1738387131578,18.22,11.18,20.1,10,3,WEATHER,37.48
587,8114,DIH,2026-10-30T10:30:35.000Z,45.0,5.870948589025865,237.76260571266636,37.48,19.95,30.6,10,3,SPEED,41.89
587,8114,KXN,2026-10-30T10:40:47.000Z,50.0,7.809213751962475,187.16847284289727,41.89,25.44,40.8,10,3,WEATHER,47.53
587,8114,TUX,2026-10-30T10:45:02.000Z,80.0,0.5919399694359959,88.52147241193863,47.53,29.85,45.0,10,3,NONE,45.72
587,8114,LPH,2026-10-30T10:49:09.000Z,50.0,0.0150071571207358,70.94830557138881,45.72,32.5,49.2,10,3,WEATHER,58.31
587,8114,BRBS,2026-10-30T10:51:32.000Z,50.0,0.2759565546537622,19.887536398344444,58.31,36.19,51.5,10,3,WEATHER,61.35
572,7604,DBV,2026-10-29T13:00:00.000Z,50.0,0.1866808416188439,34.937086084692254,0.0,0.0,0.0,13,3,WEATHER,20.32
572,7604,MED,2026-10-29T13:04:44.000Z,45.0,2.584081661238614,33.428835817626315,20.32,20.32,4.7,13,3,SPEED,26.41
572,7604,GWV,2026-10-29T13:07:51.000Z,80.0,0.6863055778402154,28.15012458281278,26.41,23.36,7.9,13,3,NONE,24.02
572,7604,GOPL,2026-10-29T13:10:41.000Z,50.0,0.1946694129719956,22.498013409162272,24.02,23.58,10.7,13,3,WEATHER,36.03
572,7604,MJF,2026-10-29T13:15:12.000Z,45.0,0.5545753751174717,8.025709889464698,36.03,26.69,15.2,13,3,SPEED,39.3
572,7604,STPD,2026-10-29T13:17:14.000Z,80.0,1.0047891373531492,6.019954647515235,39.3,29.21,17.2,13,3,NONE,36.55
572,7604,JOO,2026-10-29T13:21:58.000Z,80.0,0.380888705517641,3.4488223391123745,36.55,30.44,22.0,13,3,NONE,30.15
572,7604,VAR,2026-10-29T13:24:33.000Z,80.0,0.578698677610429,2.491779931688386,30.15,30.4,24.6,13,3,NONE,28.92
516,4203,SOP,2026-10-03T15:00:00.000Z,80.0,0.8533031611213786,773.0503648766754,0.0,0.0,0.0,15,3,NONE,1.19
516,4203,TLMD,2026-10-03T15:04:22.000Z,80.0,0.775054466426717,745.6492007816863,1.19,1.19,4.4,15,3,NONE,2.09
516,4203,SIQ,2026-10-03T15:08:57.000Z,80.0,0.7628947669888491,735.4644681226824,2.09,1.64,9.0,15,3,NONE,2.79
516,4203,JOP,2026-10-03T15:18:02.000Z,45.0,5.915362456818114,726.68929233392,2.79,2.03,18.0,15,3,SPEED,11.41
516,4203,SKN,2026-10-03T15:28:14.000Z,45.0,7.44152009972214,700.5066185202796,11.41,4.37,28.2,15,3,SPEED,16.5
516,4203,HRPG,2026-10-03T15:35:50.000Z,50.0,3.841864071796747,688.6664400400952,16.5,6.8,35.8,15,3,WEATHER,27.97
516,4203,BDKN,2026-10-03T15:39:55.000Z,80.0,0.7442564691828196,629.3147937129262,27.97,10.32,39.9,15,3,NONE,23.12
516,4203,APG,2026-10-03T15:42:17.000Z,80.0,0.2310569721753319,526.6991943928449,23.12,12.15,42.3,15,3,NONE,22.04
516,4203,UTA,2026-10-03T15:47:12.000Z,80.0,0.2118836143426498,449.171708319931,22.04,13.39,47.2,15,3,NONE,20.9
516,4203,BHDH,2026-10-03T15:52:21.000Z,50.0,2.305882208358542,327.3279420663719,20.9,14.22,52.4,15,3,WEATHER,31.85
516,4203,KSRK,2026-10-03T15:56:15.000Z,80.0,0.0820058022416485,309.1582964986917,31.85,15.99,56.3,15,3,NONE,29.51
516,4203,CHTI,2026-10-03T16:05:54.000Z,45.0,5.522604186403601,274.25008106708304,29.51,17.22,65.9,16,3,SPEED,34.31
516,4203,BE,2026-10-03T16:10:54.000Z,80.0,0.1823696833369711,265.2822407611625,34.31,18.64,70.9,16,3,NONE,27.36
516,4203,DAN,2026-10-03T16:15:31.000Z,80.0,0.5342498625937898,241.342777909391,27.36,19.31,75.5,16,3,NONE,24.54
516,4203,RMU,2026-10-03T16:17:43.000Z,80.0,1.0021301860742875,203.5727207885411,24.54,19.68,77.7,16,3,NONE,22.83
516,4203,KGFR,2026-10-03T16:23:31.000Z,50.0,4.169253037449307,184.90799826581957,22.83,19.89,83.5,16,3,WEATHER,41.73
516,4203,LDP,2026-10-03T16:27:07.000Z,80.0,0.987817535499358,170.13486133651114,41.73,21.26,87.1,16,3,NONE,36.97
516,4203,MHHR,2026-10-03T16:32:15.000Z,50.0,2.1383429042265685,133.5700265218086,36.97,22.18,92.3,16,3,WEATHER,44.47
579,8017,NMP,2026-10-26T12:00:00.000Z,80.0,1.2720970504648432,32.78008152869926,0.0,0.0,0.0,12,0,NONE,1.05
576,7608,MCI,2026-09-20T06:00:00.000Z,80.0,0.2893289058908362,231.1678271205593,0.0,0.0,0.0,6,5,NONE,0.22
576,7608,BGSF,2026-09-20T06:04:23.000Z,50.0,0.5226078713047368,169.4155482423018,0.22,0.22,4.4,6,5,WEATHER,12.13
576,7608,OPL,2026-09-20T06:11:10.000Z,50.0,4.38440721241443,154.91579098945775,12.13,6.17,11.2,6,5,WEATHER,28.08
576,7608,MLY,2026-09-20T06:15:44.000Z,80.0,0.191372607240025,5.458205347180266,28.08,13.48,15.7,6,5,NONE,23.01
554,6594,HLE,2026-10-11T12:00:00.000Z,50.0,0.5081952924456209,37.013179848154806,0.0,0.0,0.0,12,6,WEATHER,13.19
554,6594,LOGH,2026-10-11T12:04:02.000Z,80.0,0.148855155138533,2.708501078234862,13.19,13.19,4.0,12,6,NONE,13.03
560,6622,HEB,2026-09-16T12:00:00.000Z,80.0,0.268704641411411,407.76132865559634,0.0,0.0,0.0,12,1,NONE,2.3
560,6622,BYPL,2026-09-16T12:03:32.000Z,45.0,2.1851995971050364,400.5601712789718,2.3,2.3,3.5,12,1,SPEED,7.51
560,6622,BWT,2026-09-16T12:15:53.000Z,50.0,9.936366531715342,350.47632337146274,7.51,4.9,15.9,12,1,WEATHER,18.76
560,6622,BSM,2026-09-16T12:19:34.000Z,50.0,2.7111976658644923,324.5391948737382,18.76,9.52,19.6,12,1,WEATHER,30.18
560,6622,TNGR,2026-09-16T12:29:36.000Z,45.0,5.757249853667569,220.13558345936545,30.18,14.69,29.6,12,1,SPEED,31.68
560,6622,NEA,2026-09-16T12:39:34.000Z,45.0,5.730922392657426,155.22670732919323,31.68,18.08,39.6,12,1,SPEED,30.43
560,6622,ANU,2026-09-16T12:49:27.000Z,50.0,7.355542937734723,117.97992391334328,30.43,20.14,49.5,12,1,WEATHER,37.97
560,6622,CV,2026-09-16T12:53:45.000Z,50.0,2.2399244060431043,104.64348946663318,37.97,22.69,53.8,12,1,WEATHER,41.02
560,6622,PY,2026-09-16T13:03:50.000Z,45.0,6.220877368016717,90.55953146475848,41.02,24.98,63.8,13,1,SPEED,41.37
560,6622,VZ,2026-09-16T13:12:52.000Z,45.0,6.710654227251392,77.72836542352113,41.37,26.8,72.9,13,1,SPEED,39.65
560,6622,SNO,2026-09-16T13:25:25.000Z,45.0,7.832753535283217,38.96846510643525,39.65,28.09,85.4,13,1,SPEED,44.18
499,2088,CUR,2026-09-28T16:00:00.000Z,80.0,1.23781407583238,193.0564920719656,0.0,0.0,0.0,16,0,NONE,0.85
499,2088,SNTH,2026-09-28T16:04:59.000Z,80.0,0.9943935836689216,61.431472615388586,0.85,0.85,5.0,16,0,NONE,1.29
499,2088,RGS,2026-09-28T16:07:48.000Z,80.0,0.6347307516020323,56.71946060394443,1.29,1.07,7.8,16,0,NONE,2.48
499,2088,GND,2026-09-28T16:12:41.000Z,50.0,0.3509678782899804,39.47059146914594,2.48,1.54,12.7,16,0,WEATHER,19.26
498,2087,DKBJ,2026-10-08T00:00:00.000Z,80.0,0.1361672231824071,188.5443376253646,0.0,0.0,0.0,0,4,NONE,2.35
498,2087,RNIS,2026-10-08T00:04:40.000Z,50.0,0.0210763653014579,105.14320422723728,2.35,2.35,4.7,0,4,WEATHER,14.91
498,2087,SIKR,2026-10-08T00:10:47.000Z,50.0,4.883148308418562,91.68481244470092,14.91,8.63,10.8,0,4,WEATHER,27.6
498,2087,FPS,2026-10-08T00:12:58.000Z,50.0,0.7456266354342875,40.99362248474738,27.6,14.95,13.0,0,4,WEATHER,39.45
498,2087,RSWT,2026-10-08T00:18:47.000Z,45.0,4.275205894431837,25.41371707277916,39.45,21.07,18.8,0,4,SPEED,35.52
498,2087,MWR,2026-10-08T00:21:31.000Z,80.0,0.0039454636814925,16.091610367136404,35.52,23.96,21.5,0,4,NONE,31.43
501,2090,BUB,2026-09-26T01:00:00.000Z,50.0,0.6295321808452548,76.69450992447365,0.0,0.0,0.0,1,3,WEATHER,14.18
501,2090,MWR,2026-09-26T01:05:42.000Z,50.0,4.721446342191676,75.43544557501912,14.18,14.18,5.7,1,3,WEATHER,22.56
501,2090,RSWT,2026-09-26T01:08:14.000Z,80.0,0.3109458222472923,65.97409878018232,22.56,18.37,8.2,1,3,NONE,21.04
528,4857,BNO,2026-09-18T16:00:00.000Z,45.0,7.572846195771346,21.332583630002297,0.0,0.0,0.0,16,5,SPEED,5.6
528,4857,RKB,2026-09-18T16:12:27.000Z,50.0,8.135292041972706,10.002943359185142,5.6,5.6,12.5,16,5,WEATHER,25.24
500,2089,MWR,2026-09-05T20:00:00.000Z,80.0,0.1438836877965653,16.231548591251475,0.0,0.0,0.0,20,3,NONE,2.26
525,4742,HSR,2026-09-24T01:00:00.000Z,80.0,0.8748601132374297,82.158317596225,0.0,0.0,0.0,1,5,NONE,0.92
530,5305,YAG,2026-09-27T18:00:00.000Z,50.0,0.1643361739244615,125.21535963192784,0.0,0.0,0.0,18,0,WEATHER,16.93
530,5305,KLJ,2026-09-27T18:03:44.000Z,50.0,2.710050351803869,124.05252095101186,16.93,16.93,3.7,18,0,WEATHER,32.72
530,5305,BLU,2026-09-27T18:15:48.000Z,50.0,8.03519990764015,59.868492957996565,32.72,24.82,15.8,18,0,WEATHER,35.98
530,5305,DUO,2026-09-27T18:18:05.000Z,50.0,0.3199291174092395,47.17471554774932,35.98,28.54,18.1,18,0,WEATHER,47.75
530,5305,MDA,2026-09-27T18:24:00.000Z,45.0,3.6728836195138928,19.630403830463237,47.75,33.35,24.0,18,0,SPEED,51.31
546,6228,KRNH,2026-09-08T19:00:00.000Z,50.0,0.5804559716223043,200.8630170924938,0.0,0.0,0.0,19,4,WEATHER,12.16
546,6228,SPV,2026-09-08T19:03:07.000Z,45.0,1.375675564062216,199.3614728236788,12.16,12.16,3.1,19,4,SPEED,20.71
578,8002,BNB,2026-10-20T22:00:00.000Z,80.0,0.3127413681405641,30.857393597320247,0.0,0.0,0.0,22,5,NONE,2.12
578,8002,SUA,2026-10-20T22:05:04.000Z,50.0,4.069871336341525,26.90498317935014,2.12,2.12,5.1,22,5,WEATHER,12.73
578,8002,NMP,2026-10-20T22:08:36.000Z,80.0,0.4784462345649891,7.113677145167543,12.73,7.42,8.6,22,5,NONE,14.11
574,7606,NZB,2026-09-30T02:00:00.000Z,80.0,0.3059633275266613,48.29505366291955,0.0,0.0,0.0,2,3,NONE,0.4
574,7606,IDL,2026-09-30T02:11:02.000Z,45.0,8.22229779131901,35.21833938851954,0.4,0.4,11.0,2,3,SPEED,10.43
574,7606,UPW,2026-09-30T02:14:14.000Z,50.0,0.410582377244873,11.617925685320571,10.43,5.42,14.2,2,3,WEATHER,31.41
494,1493,LMT,2026-09-04T04:00:00.000Z,80.0,0.1911191336093886,59.38410849978767,0.0,0.0,0.0,4,6,NONE,1.49
494,1493,BENL,2026-09-04T04:02:34.000Z,50.0,0.6699555462531077,55.159196948162574,1.49,1.49,2.6,4,6,WEATHER,22.14
494,1493,WDL,2026-09-04T04:10:37.000Z,45.0,4.012682845606451,54.41220520489848,22.14,11.81,10.6,4,6,SPEED,25.12
494,1493,KDGI,2026-09-04T04:16:45.000Z,45.0,4.547324312120471,41.07227777242496,25.12,16.25,16.8,4,6,SPEED,23.97
494,1493,MVD,2026-09-04T04:24:02.000Z,50.0,5.376860564930507,29.743065156747747,23.97,18.18,24.0,4,6,WEATHER,28.06
510,4031,DLI,2026-10-02T06:00:00.000Z,80.0,1.0326869363204494,89.08724689046899,0.0,0.0,0.0,6,4,NONE,0.89
510,4031,SZM,2026-10-02T06:04:04.000Z,80.0,0.4280443217192338,85.58396560563143,0.89,0.89,4.1,6,4,NONE,1.74
510,4031,HUK,2026-10-02T06:06:37.000Z,80.0,0.6207011607650262,68.0475761979047,1.74,1.31,6.6,6,4,NONE,3.84
510,4031,SNP,2026-10-02T06:15:48.000Z,45.0,5.0802924126542255,49.98334356797741,3.84,2.16,15.8,6,4,SPEED,13.6
510,4031,GNU,2026-10-02T06:20:26.000Z,80.0,1.1054270774186112,30.27545538677734,13.6,5.02,20.4,6,4,NONE,13.05
510,4031,DWNA,2026-10-02T06:26:28.000Z,50.0,4.726497204300713,12.712632789876526,13.05,6.62,26.5,6,4,WEATHER,27.09
561,6837,MEKM,2026-10-28T23:00:00.000Z,50.0,5.77946995158396,10.855600963200056,0.0,0.0,0.0,23,2,WEATHER,12.48
561,6837,MNME,2026-10-28T23:02:00.000Z,80.0,0.454451272362187,2.262380438892753,12.48,12.48,2.0,23,2,NONE,10.54
563,6839,TPJ,2026-10-27T05:00:00.000Z,80.0,0.42465792325532,85.48332498490947,0.0,0.0,0.0,5,0,NONE,1.31
563,6839,KRMG,2026-10-27T05:04:08.000Z,50.0,1.0971521882753004,74.50318824890192,1.31,1.31,4.1,5,0,WEATHER,18.55
563,6839,KUTR,2026-10-27T05:08:42.000Z,80.0,1.1688739121498934,58.50912342158665,18.55,9.93,8.7,5,0,NONE,16.0
563,6839,NMN,2026-10-27T05:17:01.000Z,45.0,4.894663952240176,34.253219399606046,16.0,11.95,17.0,5,0,SPEED,20.55
511,4032,GNU,2026-10-04T11:00:00.000Z,50.0,5.432361884073585,64.31689352886342,0.0,0.0,0.0,11,1,WEATHER,19.97
511,4032,SNP,2026-10-04T11:11:39.000Z,45.0,6.840885800482325,49.992394599307694,19.97,19.97,11.7,11,1,SPEED,29.03
511,4032,RDDE,2026-10-04T11:19:52.000Z,45.0,4.5813191050242175,37.413279625163526,29.03,24.5,19.9,11,1,SPEED,34.57
511,4032,DAZ,2026-10-04T11:22:34.000Z,80.0,0.0830064575284515,7.37349297755698,34.57,27.86,22.6,11,1,NONE,29.35
497,2086,BUB,2026-10-01T12:00:00.000Z,50.0,0.1511386308623006,181.2331302343416,0.0,0.0,0.0,12,2,WEATHER,12.4
497,2086,RNIS,2026-10-01T12:05:57.000Z,50.0,4.733222818393088,91.42977295259044,12.4,12.4,6.0,12,2,WEATHER,20.8
497,2086,LHW,2026-10-01T12:10:23.000Z,80.0,0.9858258346341728,34.453823407181254,20.8,16.6,10.4,12,2,NONE,20.28
497,2086,DKBJ,2026-10-01T12:13:23.000Z,50.0,0.6823489883257314,4.092856582276745,20.28,17.83,13.4,12,2,WEATHER,34.3
571,7603,KCG,2026-09-12T02:00:00.000Z,80.0,0.3253374902658887,111.25363051866157,0.0,0.0,0.0,2,1,NONE,-0.24
571,7603,VAR,2026-09-12T02:03:56.000Z,80.0,0.7049207898489462,109.72013256416666,-0.24,-0.24,3.9,2,1,NONE,-0.09
571,7603,CVB,2026-09-12T02:07:13.000Z,45.0,0.3502093251067125,98.1377485537096,-0.09,-0.16,7.2,2,1,SPEED,6.11
551,6591,BYPL,2026-10-18T05:00:00.000Z,45.0,2.122075170512172,46.47896922443636,0.0,0.0,0.0,5,5,SPEED,10.76
569,7403,MHMB,2026-09-11T01:00:00.000Z,80.0,0.0204078173653792,96.06639197739236,0.0,0.0,0.0,1,5,NONE,-0.2
569,7403,HEM,2026-09-11T01:06:53.000Z,50.0,5.394680434456019,79.34643431367401,-0.2,-0.2,6.9,1,5,WEATHER,15.07
553,6593,YPR,2026-10-08T02:00:00.000Z,80.0,0.4960036127018293,59.11050144700094,0.0,0.0,0.0,2,3,NONE,-0.36
553,6593,HEB,2026-10-08T02:04:55.000Z,80.0,0.3227026333292493,53.7972490195716,-0.36,-0.36,4.9,2,3,NONE,1.68
553,6593,BYPL,2026-10-08T02:10:31.000Z,45.0,2.130325098729889,46.48721915265408,1.68,0.66,10.5,2,3,SPEED,9.01
556,6596,DHL,2026-09-26T17:00:00.000Z,80.0,0.4846431912164834,32.13461479377227,0.0,0.0,0.0,17,5,NONE,2.9
583,8052,JGM,2026-09-21T00:00:00.000Z,80.0,0.2293128288688787,38.37252821770585,0.0,0.0,0.0,0,6,NONE,0.56
583,8052,NMP,2026-09-21T00:02:34.000Z,80.0,0.4341950270269596,7.069425937629513,0.56,0.56,2.6,0,6,NONE,2.98
502,2411,RTGH,2026-10-15T04:00:00.000Z,80.0,1.2213382298617337,45.46739299280409,0.0,0.0,0.0,4,6,NONE,1.23
502,2411,RXW,2026-10-15T04:02:57.000Z,80.0,0.7057873964039394,43.46752184319961,1.23,1.23,3.0,4,6,NONE,0.98
544,6215,AP,2026-10-29T02:00:00.000Z,80.0,0.3892376826299642,18.476714482942725,0.0,0.0,0.0,2,4,NONE,0.25
552,6592,LOGH,2026-09-14T21:00:00.000Z,80.0,0.1568967578148205,2.71654268091115,0.0,0.0,0.0,21,6,NONE,3.25
529,4858,RKB,2026-10-12T18:00:00.000Z,80.0,1.2845379910990398,45.82282180933071,0.0,0.0,0.0,18,3,NONE,3.8
555,6595,KDGH,2026-09-06T10:00:00.000Z,80.0,0.2037597255019789,26.60215536043983,0.0,0.0,0.0,10,0,NONE,3.71
570,7404,NED,2026-09-21T08:00:00.000Z,80.0,0.3226871342649271,168.47617913761593,0.0,0.0,0.0,8,3,NONE,3.27
570,7404,BHBK,2026-09-21T08:03:46.000Z,80.0,0.9948489788178356,57.91723055894902,3.27,3.27,3.8,8,3,NONE,4.8
582,8051,BNB,2026-09-10T13:00:00.000Z,50.0,6.0149837207854375,13.613546880442728,0.0,0.0,0.0,13,2,WEATHER,14.06
527,4854,MTD,2026-09-21T00:00:00.000Z,80.0,0.8687634003309403,44.735808003490106,0.0,0.0,0.0,0,2,NONE,1.61
580,8018,SUA,2026-09-15T10:00:00.000Z,50.0,4.078121291468031,26.913233134476645,0.0,0.0,0.0,10,3,WEATHER,12.97
